track_id,genre,era
4Za5hZBGX6z9a7X95PEFI2,r&b,2000s
5GjisoOfsN8qagrax01T4y,r&b,2010s
33iv3wnGMrrDugd7GBso1z,rock,~2000
3Dkfcd3DbXGVmM05KCRuFA,rap,2010s
6jtctBYvybxCAmlg7nT6CS,rock,~2000
6ygcYdLszK2DJUU7BWuCxx,r&b,~2000
3DkaXDmC0qaFNAxgLMuwX4,r&b,2000s
7nAO8p9s39A3lYXhRezK98,edm,2010s
6mFkJmJqdDVQ1REhVfGgd1,rock,~2000
3YZa4IzxK2UtEKTvdTgsi8,rock,~2000
12co6NHVYEfsx3BgYxEsnV,r&b,~2000
6P4uWkUqr0M6eVYjmbKdAf,r&b,2010s
4tRFdhdqMUkGfnAkis3lNv,latin,2010s
1O259SGmDCaaAtux8bZzNE,pop,2010s
5qFPs70nZD1fQZOi7u7cIZ,pop,2000s
5ZpDC6e5U9zYGnF0Jxu4Kf,pop,2010s
5Q3e16qE1RE5oilN3ukasm,latin,2010s
1nIi1HOE4MdaoOIBVGabCg,pop,2000s
1UDuqitpv6oyNpzrvbLdLt,latin,2000s
2vajU8g5DJCuthr5pb7RVT,latin,2010s
5fSDXbY8o9pA3TKwAbfwML,latin,2000s
26NX1wPt1TRCH536yocd6i,r&b,2000s
1CRy08G60mS5jvhB27xMpS,pop,2010s
5hbSMXk4g4OEHjDoVdXrYl,r&b,~2000
5GZEeowhvSieFDiR8fQ2im,r&b,2000s
7givkGZW1cwM8MJYzMd2Na,rap,2010s
5iKYZAcAchghry6h8Iu5IL,r&b,~2000
6QffQWx4dzqk7rL57A4FMB,rap,2000s
2AaknMNIfzMqZGvbcDsJHZ,rap,~2000
6aRlUgqcLgrxQE3RMngjN5,rap,2010s
5ryUbYQzdRRw0iJ2P5Or55,rap,~2000
5YzK2kmIM7cdpRbv0iGaEs,r&b,2000s
3x2bXiU0o4WbsPkawXlfDA,rock,~2000
6Ilj7C4daCLIoT7swUqfSU,edm,2010s
3ojDU1HhKEfdExIN6QsK8q,r&b,~2000
15ToEAfwSo83rtBLdhNOQH,pop,2000s
0NBHHa8wwwmBnn3aAzX5wJ,r&b,2000s
4zkd33S3lelpqt1lyMD8u8,edm,2010s
70YvYr2hGlS01bKRIho1HM,rock,~2000
2aibwv5hGXSgw7Yru8IYTO,rock,2000s
6zyXhzPJg7dCGuC5ToIxqN,r&b,2010s
5ghMfHMHakVS0omjj2cBSA,rock,2000s
0TgSQ4AWBShqMjYww6D8Yf,edm,2010s
4GqvWKAq6uKAcivJGnNAhR,edm,2010s
1StVUopuLYusKECak8YT8J,rock,2000s
3VzTYgGGaFVgCtQiUEcLcR,edm,2010s
5HzekjQF7xLqBVeynqprDk,latin,2000s
3FPiGFT19WRb4D0bZlw9PJ,rock,2010s
6Ipaqc1ybISGpoJ8E9Qs0E,pop,~2000
29VrHhpC5AS9b7XJYDPhqb,r&b,~2000
0LHItNoPqjxWcbvQzw9NIv,rock,~2000
4c3HJBKJPjQSnXVEd0jNi6,r&b,~2000
6gT6ZGqtaFWnFnuWTVx5us,edm,2010s
3cuy0jpSxGAoTuJE0KORoR,rap,~2000
5nchmPYCCHoHS2AdmHv1Xg,rock,~2000
34GfAO0JtCmZP6567yODfc,rap,2000s
52dm9op3rbfAkc1LGXgipW,rock,~2000
5pBvNeOAJ54zgd5lEOmM3b,rap,2000s
75Eyxd1VgJKKIqMILFQ8mL,rock,~2000
54b8qPFqYqIndfdxiLApea,rock,~2000
5UWwZ5lm5PKu6eKsHAGxOk,rock,~2000
4nnGzheGSMqpLiMStHQkNB,pop,2010s
2u9vZyQU7Ld88MJ35nS55u,rock,~2000
3ZFTkvIE7kyPt6Nu3PEa7V,latin,2000s
5fSDXbY8o9pA3TKwAbfwML,latin,2000s
0fjjBq3yZ16Z441IL5o2oX,edm,2020s
4oJEy4qDPwDk5ac26yEMeL,r&b,~2000
6GtPHjrFtw9uaMgDbWp0dn,rap,~2000
3pyoAvbBO4kDKkh999Miyj,rock,~2000
24vNw0Z0srb4zYXwrakw8E,rap,~2000
09iWF1Hs988cmZneyLeZ2V,r&b,2010s
5aFLEMNvORv8MXpd4lR0HQ,r&b,~2000
5PycBIeabfvX3n9ILG7Vrv,latin,2010s
0eFvoRSTTaR2q8bSWVjwfp,rock,2000s
1QFh8OH1e78dGd3VyJZCAC,pop,~2000
0v9kGNjkKdQUdDoBIuiph4,rap,~2000
5o61LLrnFaGbcEbecemBIo,rap,2000s
33WcWOuiExw6XujNwQ8NaK,latin,2020s
6MdqqkQ8sSC0WB4i8PyRuQ,r&b,~2000
1bFY36a62kXGJqNcN5aJkW,pop,2010s
48PBqbMjiYPq3VsY7vG5n4,rock,~2000
4tKqSkln4W66s7f7S6Ng8X,rock,2010s
48UPSzbZjgc449aqz8bxox,rock,~2000
1L94M3KIu7QluZe63g64rv,rock,~2000
2kOupHwtD01Wle9xOYfD3V,pop,~2000
6HD523FPLEolYCPUqUQeEs,edm,2020s
5Uf6OfGfz436zAegn1kui6,rock,~2000
3xSdEH8yjB0hiCcj9CG0xR,r&b,2000s
5bycn7SuJzYnxte0W54mNX,rock,~2000
6QsaoM6upioGbe4WZhLCmc,rock,2010s
1bp2IO61zbQrbWNmKKxg3f,rock,~2000
0UgHTPXcW728KHbr7JbKr7,pop,2010s
70ATI6K6i1TXfRfID7bcN0,pop,2000s
2msar6CW5wBQlhm3YCYPTa,rock,~2000
0Qp37xG9JmIpYURi8xJl3E,rap,2000s
34MRi5GRWHFUa731JBxFEl,rap,~2000
2kJwzbxV2ppxnQoYw4GLBZ,latin,2010s
6GrPaW2OIHuweYcVRoYbmv,latin,2000s
69ghzc538EQSVon2Gm3wrr,latin,2000s
7ygrDIOwwM4gtNf8Pz6kxW,rap,~2000
1oDmijc0b8mzn2Z4bW6gOS,pop,2000s
4n5QvgYuN2oCSythoCXZeV,rock,~2000
5XI2EIihxzTlKLR4UUhedn,rock,2010s
1HpIBHs03kKCxlrPthWXmL,latin,2000s
205YMaOKeRMN66gQvqw2Cx,rap,2010s
1lrXyBS39TE6tOoYgS6I5x,rap,2010s
284kpyWYh7ZKKLeE4AuR6b,latin,2000s
5Xhqh4lwJPtMUTsdBztN1a,latin,2020s
7qoyy6rBNCGN27vOEZKgbr,r&b,2010s
6AakzlXIJkSzKCIllG4gdf,rap,~2000
3uSSjnDMmoyERaAK9KvpJR,r&b,2010s
5uCax9HTNlzGybIStD3vDh,pop,2010s
3R260xGpmDkG5eCmgqXrj5,r&b,2000s
6IwKcFdiRQZOWeYNhUiWIv,edm,2000s
3vls6Nh3JXB0a8sIXhnMTo,rock,2000s
1JXMGldyq6kP7gubarTwG1,rap,2020s
3fkPMWQ6cBNBLuFcPyMS8s,rock,~2000
3uiMBldZ07pW0ySHDX5gzE,rock,~2000
0jE4MNnQmOb7cCFssMYA6H,pop,2010s
45s88Xopo6KvHc0PQ05aGg,rock,~2000
0j0W1kwvSblvih5W5nMz6B,rap,2010s
5vJKDteoDcK1uId4IUJSmQ,rock,2010s
076jREnPu9sinABTfdw9Xi,edm,2010s
0X9nRm29fiHY1rKSpm6Jc2,r&b,2010s
0NA3qmF7whDKExwYa6V7WD,edm,2020s
4tKbv8iulXtIEpzHWD6jh7,latin,2000s
5MPxgVGxq79wcoNKtlRaTf,r&b,~2000
71DQycRGgmTXwBAO62jo3B,rap,2000s
1zZvPumuScWPZKZOCC6yq0,rock,~2000
7oV8KkpD0AhguT71yGhudj,edm,2010s
2EjN9jtgovwI8XSYnhoVmf,edm,2000s
15EPc80XuFrb2LmOzGjuRg,rap,2010s
5Q0Nhxo0l2bP3pNjpGJwV1,latin,2000s
0qYvQq3RCHgdJ4XrezSsxs,edm,2000s
20khkbcFHJ63mEJ6nctzcr,r&b,2000s
7KA66zSwthBv5X9bNQEeX1,rock,~2000
1dNmpQ1Ipbft7WyNbMJXX9,latin,2010s
0K1M6vTh1VvhwtGgQj3uNq,pop,2010s
4K2Tu79vpqrLNyDVtCvBNR,rock,2000s
3qX1dqmDdmMvvfMVfsx4Bh,rap,2010s
2PUbdd0s68EfVKlBCUW9Vq,latin,2000s
7q3FTiR32dfAI7JDBiFDRf,latin,2010s
2bRj2mLH4nBgN9XRIA56dk,r&b,~2000
24GaspdcJWLts2R1wurDfW,rock,~2000
45IOnEpVUdxWUZFqpZ7Xvz,latin,2000s
141lghKsBrt4uofVcNBxmD,pop,2000s
59VfSMPf55wSYTdZjQCHN6,latin,2010s
7vidktgNZFQylTgH1GEnMs,rock,~2000
7oiZRx7OZbUAYUiYeFTXrf,pop,2010s
3k58VAgUkM9cSvRpjIVaC7,rock,~2000
3WRQUvzRvBDr4AxMWhXc5E,rap,2010s
577YBGuskWkVDCxZrLRB4v,rap,2010s
7Jz1NLz3hMWWfcQ1M9M6PS,edm,2010s
2zYzyRzz6pRmhPzyfMEC8s,rock,~2000
0cppqb4vQycORHNMxr8DGd,pop,2010s
27SdWb2rFzO6GWiYDBTD9j,edm,2010s
1SFRc2v38EyJ4PN1hJo8bC,edm,2010s
3bN4tg6rnNPy9GCkGhym4T,rock,~2000
0docub2BW5HcsWU4WoOQqA,rock,2010s
63xoPxJFZUrgNKJtnmDPaZ,rock,2000s
1seF5FpRtNXsmNxlEDDxuN,edm,2000s
7jHJ2MzIKO1kIMxGamKRKn,latin,2010s
62OnJq6wHeTppRMWVw2Yo0,r&b,~2000
3bW9ziSoYVMIAB7izmxKSF,rap,2010s
57K5A7o09IOVm4zeMXrARo,rock,~2000
2pwXHvgUsXiGXpWOyohGA2,r&b,~2000
6qUEOWqOzu1rLPUPQ1ECpx,rock,~2000
6H7w7e8zC8QYJyqe7fZHVa,rap,2000s
6kn5z6hltWF6C9rItSvAzA,r&b,~2000
1ZtVN326V42hioNyRjU4P2,rock,2000s
0BTGqPIW9acmhhUmENkq5r,r&b,~2000
5ZIfOjIDOpeoQR0ZFRNtPq,rap,2000s
11nNgQrRDnRZNGrgx1Nl7U,rap,~2000
3Y6XWs8xMlCngyIxNOFnsp,rap,~2000
0SvfyHYDp2uIsHt53LDlI9,rock,~2000
41bIQPBE1lFN0mmw6Lmssz,r&b,2000s
0RgCZbrfpNSRyNmnoym607,pop,2020s
18UDolpvPEqVzIE69xobUQ,rap,2010s
3eS1VMcEmq2IUgpaeDysCb,pop,2010s
4NnWuGQujzWUEg0uZokO5M,rock,~2000
7hvmAHUk63H4JBOQTxUwfx,latin,2010s
56LYsQITV7nEggGBVuu846,pop,2010s
4yI3HpbSFSgFZtJP2kDe5m,latin,2010s
38LrhW3eQSt3cK88dkvl5e,rock,~2000
0rbUh0I28jFr3uXf5MOXEU,pop,2010s
7rdtBpPpe4knfd7aD98h9X,rock,~2000
1XAHwJPBNIBoLfQz81DiNl,r&b,2000s
0sOoGrE5PY5EBDQnR7Yysu,rock,~2000
3lW5U8Ls8JKhhjmY88Nxeb,edm,2010s
448PQRAGjaaYQ5Vkt6hn8U,edm,2010s
1Wvzo4EotLEh4W3OVcQoDO,pop,2010s
4DTPvhTmF3oVTLjAfHujVK,rap,2010s
3EFzexdYFIzbM2dusddMVk,latin,2010s
41L3O37CECZt3N7ziG2z7l,r&b,2020s
3t9seJl7Y0B556M2ndthl1,rock,2020s
5OPgPWsCaeZDvHudPzVftQ,r&b,2000s
3tN1pfXv2SfSEWM5x46qAh,rap,~2000
3dmnVNKCxtohL1FJsM7xWr,rap,~2000
06w0oAWnAqdbWLLur7KcnL,latin,2010s
65baihUWfSYzRLHsu3ckyN,edm,2010s
0K6yUnIKNsFtfIpTgGtcHm,rock,~2000
40AYRnDKhhrH4JZO4KS9Dj,edm,2010s
7hf0pfANPP2TgaDTcbUuhP,rock,2010s
1zB4vmk8tFRmM9UULNzbLB,pop,2010s
0gb1J5UrTpzaU1s3nupgCd,edm,2010s
2W1knj3iRxpbcC2A5kstO2,edm,2010s
67F9MFQj4YZG2i0V0HCMUs,rock,~2000
4cRR2gUTOerkUOW5iZpm91,r&b,~2000
7hf89cT5FEmLV5E9fjrjG7,rap,2010s
4ObVlpkFLvycg4mxf7pYan,rock,2020s
0PsbWiVtix5FoTZ1s00mEl,rock,~2000
5fCwwY9VFcpQr1JOKsHmPX,rock,~2000
4bPrKGqQKiBmf49XB4F4H5,rock,2010s
6fybp4N6eW3bsFAvARxyVe,rock,~2000
1ESuT2y9AKu1zMdxq47qW5,rock,~2000
35ARq65zezGBwA7EHBXm2w,pop,2010s
4Z4ZLBzCXSlHSCaxZ3WS7p,rock,2000s
7zQe325f5BShZv7uuStrH1,edm,2020s
5naYe7rLMZcLfO1DKg48MK,pop,2010s
6JtxiSAgxUwo6VvkA7oLpd,r&b,2000s
2SsBGxHWa7E4lD1ax1eXfk,r&b,2000s
4RvJ5sXFvWt8n9HHt7yBRD,rock,~2000
4RS9PmtHQe7I0o5fEeweOY,rock,~2000
1ohXrU5DLEfUlfo4tIYbqJ,r&b,2010s
1xvbeaWhNbKdYqr1AQaXyx,rock,2010s
7xjIdqgWa0rJliVs23JFqx,latin,2000s
63x2g8hqYpKJZ58oxglyhG,rock,2010s
59q0gDvWPoL2DQ1SAt5ZLY,rap,2000s
07GvNcU1WdyZJq3XxP0kZa,rock,~2000
1PtzhbVrXUYq8YodSbOXzT,rock,2000s
5ao8tEjVqtn9zx0YHvtNRU,r&b,~2000
0NIclV5iB1lE3mjV00ySKV,rock,2000s
6Gg1gjgKi2AK4e0qzsR7sd,r&b,2010s
5VWVS4c9oLaCFsFJ2yGkSn,r&b,2000s
6eCZQxoyyC3m5R6aA8eUnh,rap,2010s
7rQfpOyX6Tj1dpQ10toy4H,rock,~2000
3b0OZ2yemWkZ5kUweakAlZ,r&b,2010s
2WXyBlJYptmmNUcWn2qYV9,r&b,2010s
00cqd6ZsSkLZqGMlQCR0Zo,r&b,2010s
3OUApyz3jDB3syGUNGqB1d,r&b,2000s
3ee8Jmje8o58CHK66QrVC2,rap,2010s
6cAaLUV2fc1b3Qpgc0z3k2,pop,2020s
4h7wUvVV8Ff8UL7JqAByiL,r&b,~2000
3TFbQoY4KniRQRWge1hZdk,latin,2010s
0EkB09i9ohIUnsw45jzEyf,r&b,2000s
4DnEyHNO8MdhFYFrDq73BV,rock,~2000
2zuOiLM3QGT5DpO4fJwOEo,r&b,2010s
4QMSq1uq0JgvyKhEDp8wkx,pop,2010s
4rq0LPiVhznkmi4ajls5QA,edm,2010s
1CyCmgz0gm4AjvLE7JUYRm,rock,~2000
6AAa4zIwllv49ACRh2ndLh,rock,2010s
7HKez549fwJQDzx3zLjHKC,rock,~2000
3cjmw2pVDp6NqCW3MeDGaF,latin,2010s
6gZQ5bj2GHJj7sndCgx5ke,r&b,2020s
6ToM0uwxtPKo9CMpbPGYvM,rock,~2000
1nufXiTCTTAeJfO9hLHvO8,edm,2010s
3xozZw4YNCv777ONrbdHsy,edm,2010s
6bR8iWWmjxvkn8vbWSkebG,rap,2010s
5X9mQ7bV2wY5S9uIZsasbs,rock,~2000
6eEYGGFfFbtKHCgJM4uh9v,rock,2020s
10dVVfHlZYjV4Qv9uNVgrA,latin,2010s
7MoA7Nfk8C52FX8f9pAzPp,rock,2000s
3U4qk5suqEgGrSgrcWGCaO,latin,2020s
4Xk3LRadMIQK9LcYOvqmeN,r&b,~2000
3daKw0CwgbuSvRkseIMiTK,rap,2020s
4iI23lv1PWM4FzL5bQ5oUh,edm,2010s
1ahVFh0ViDZr8LvkEVlq3B,pop,2010s
3RZMzCvYsmJ0u2ioKTOsmJ,rock,~2000
7a35kVTnsXzlplOrxOIN9W,r&b,~2000
12wSL3tGk3MtbDEhfG7xy3,pop,2000s
7LINJ2qN2WlTuL7Ij9JnyE,r&b,2000s
09xGWzgSw8zp5oS1x5ogym,latin,2000s
7GdGBGwFMg21mY9kNpNKXI,pop,2010s
1Ge8R2h7W0IlaAHl6Q2kM3,r&b,2000s
30ZhaZWc3F9gvOdA3GFYn1,latin,2010s
1yUC3N6bGNcojpxPS3COYD,edm,2000s
0wJoRiX5K5BxlqZTolB2LD,rock,~2000
3hmjFpxcBeqX2ValXW9BBs,latin,2000s
0DiDStADDVh3SvAsoJAFMk,latin,2010s
23L74esErcn5KvWFY0ZAqS,r&b,2000s
1EhDeCHd34jt7dMDqkGQBC,latin,2000s
36vO4BKX49Iwqv4UjLEOgw,rap,2020s
0DkF3I1KiN9wcsNw927f7i,edm,2010s
1vxw6aYJls2oq3gW0DujAo,rock,2000s
4ZKLmo5TSZebyenBpln7l8,rap,2000s
68M7UmepzR8MtBgY94IzYr,rap,2000s
0Wk1soCBUANdaVPHMOYBQt,latin,2020s
1sfSPlgRbo15MaQXCkCPgA,edm,2010s
4irYeuAi87yyGHcI4h9s0x,rap,2010s
1pqkpQx65J0uwl5PbnUDuJ,rap,2020s
7KXjTSCq5nL1LoYtL7XAwS,pop,2010s
7fG1ZnOM0oOwUOtmoh8KOo,r&b,~2000
4SWUAEniXOiGiwXYPAEiLV,r&b,2000s
0AY6XbTfRSk9wpCIQTnwc0,rock,2010s
1nihX7AXe5qdt3OmDcstTb,edm,2020s
37qI0mchgzUSeUhPiwUWPY,rock,2010s
64UWzgxsySsNSu4LUqpJA3,edm,2010s
5X9mQ7bV2wY5S9uIZsasbs,rock,~2000
5ucfLeGN737G44fY41Io6L,edm,2000s
1Dg4dFJr3HW7sbA7vPejre,rock,~2000
1yRBHnXfl6wjCnM6dYRXq0,r&b,~2000
1TlEEopIktdAi8oWRf9Qx6,r&b,2000s
5rqn93J4KqJrxSO7SMns4B,latin,2010s
2csDp6iJqt8VypzWSFrwwT,pop,2010s
5d7gSSTkL4syrnxli8dLYJ,rock,~2000
5zhkOkaQCS21ulmwCrmqaa,r&b,2010s
68Zg9JQGWw17f6W59UxXYJ,r&b,2010s
3WIg3fd3W8I5HU8g3Y6P0k,pop,~2000
5FGs2enRe23RODlTmGYbX6,rap,2000s
3yP0cohcr97BUNJcgvmSVg,rock,~2000
4BUOfv1BDuFVcXIhjwDDxb,rock,~2000
195CWBcm83Kb8NhpBt4ARG,r&b,2010s
5RfhUFcQBeonzqLRhU8gvK,rock,~2000
62FheCbeT4N5PPKmFD1g4m,edm,2010s
4GHvrcL0BoG2eDCM9gPoOd,rock,~2000
4QjtDLNwfcniKaGrQNOtlZ,pop,2000s
0fqKsU4Hsnb0oKlyjat9da,r&b,2000s
4OSbctVD37ycS0H3rwRm72,rock,2000s
5Gis3rbXy28VG5WG8hmtZI,rap,2010s
4zEi4tr3lEhiAvTRxEzbEz,rock,~2000
6urgMsfVicYs3mGUEcJg0m,rock,2010s
4GdWGOxhYaI9RBKWXMFFdd,latin,2020s
06Nd516Lt4T9Y9LIfGeLux,edm,2010s
6I9Yt26av1rRl5UMHkMj62,rap,2010s
6IXICze5FgtxDC4k8lXV1p,edm,2010s
4PclDQ2lYPmIuhj4G3swK1,edm,2020s
3yjYId62mEKEy9QwbCGoEa,rap,2000s
09IStsImFySgyp0pIQdqAc,latin,2010s
6v3KW9xbzN5yKLt9YKDYA2,pop,2010s
3APlBPXmTYV1yZO0dngkdq,r&b,~2000
31OxOoAMgq8zCXwG9xCrYl,latin,2010s
3kckepgeFtWk0UtZ1cFGU8,r&b,~2000
62leJoS03BiNzdoQmb9ByN,rock,2000s
0jsFafckbVIDaq7Ubi0yTX,rap,2010s
1mea3bSkSGXuIRvnydlB5b,pop,2000s
4vS8VaBwJJV5Ry7UFIQuoo,latin,2010s
1UYSPfQcU2gJtZii4WRWjk,edm,2020s
4nmXIR8tHEgoHnvRfbPSbw,pop,2020s
0ycFQvBTfuo1LCdG0HhszL,edm,2020s
5e6x5YRnMJIKvYpZxLqdpH,rock,2000s
2MrP2Sv5Zbj1qckTKD1pVn,latin,2010s
4CRpOsjhvgxjF7rQufmyZ1,rock,~2000
2vtXB4ShP4eprgRW1IYpAp,rap,2010s
0kFM6t9htbB53Dg8frGDGh,rock,~2000
7yqU5HODQU91zj8ahUaUX1,rock,~2000
3lqT89gv8p3PYwXtr3ODjv,r&b,2000s
3WVJNKDreudOd8pBjU5nDI,r&b,2010s
0SjzIvde8QyAGeXwOgy9rs,rap,2010s
3X3XuCPTC95ARm9SguWsIa,r&b,~2000
6xdLJrVj4vIXwhuG8TMopk,rock,~2000
1xJrQgMoWUiRvZyl1KCXYW,rap,2000s
6ul8Krzy7gmzTtC0I6s0T5,rock,~2000
2nVHqZbOGkKWzlcy1aMbE7,rock,~2000
1hwN2eAwsXgktvw9Qe8TrP,rock,~2000
3vCeDhrInX8te6SoaqZbvu,latin,2000s
6ksWMnPcHNyNoNf3y1BQCO,latin,2000s
2bR6LkOC10pZ3udHdZiENF,r&b,2010s
5CXF4x2kZI2ftIogOuhXYN,pop,2020s
0JCAezTC5IlK1a9o0YBEsD,r&b,~2000
0yf6ORR6kV4iEn6T78XKbZ,rap,~2000
52yW8YAEwKcUZZVcflq3Fw,r&b,~2000
4Q6uK1SZ5hQhZGvhSGe4sN,latin,2000s
2Pr1nZpt8A8WP7QYpyq6L3,rock,~2000
1LMVGL3030W3mGmRrd2hCm,rock,2000s
77GqDUCd6ciLsbkBRMYsM8,pop,2010s
3Z7SMZHYxTYKWedLXfTcme,r&b,2010s
13aKGvTil3UUw1yk0pA9fG,rock,2000s
1Qa0Y05al633fG8f9Peytc,rock,~2000
0dA58RZci59FbrNbNbhGJj,latin,2010s
1FpyIuBKyNKG2O06ZawDlo,latin,2010s
6WaYiQUPel70HUaCZj5eND,rock,2010s
6qQyG6BLQi0hvqdmMxOrlG,latin,~2000
1DcxnVNFAyVl2sDQ646pXS,latin,2010s
7qbTB6m4Wn7CUIM6LzVMYm,edm,2010s
6AEdWbrFREOUNmI1hMPbyc,r&b,~2000
3o8mSFsqG44paFc9iFJ3yd,rap,2000s
1vQ2MZsupEvPhtvfkdW3iI,r&b,2010s
0thLaeBSY189MLfmHTIy35,edm,2010s
3ixyQ0IdbbDaYOyodp6hvr,r&b,2000s
2j9JpBQk7VhzYDOqToxhlA,latin,2000s
0mV5JWhyUFANd9qpwLkM8d,edm,2010s
6E9GnwBQUPcTCzfGryhhFB,rap,2000s
3QfLERjG54GUIAS9w86kul,rock,~2000
1ToprX3cpBiXoAe5eNSk74,r&b,2020s
54CASntZ5zw4e9YiBX0zAT,rock,~2000
2WeikUUAqpBK928IX5hZBu,edm,2000s
0RZXNlGPvfMo54fd6uCvAT,rap,2000s
48UPSzbZjgc449aqz8bxox,rock,~2000
2qOm7ukLyHUXWyR4ZWLwxA,rap,~2000
7xTdTWhpmOtHbdpAvkUIVy,pop,2020s
0pwYLVXVknPSGUQb39cePC,pop,2010s
5xzCzOAOfRi4DOttSzvznR,pop,2010s
2M89czls4iL4UaGx9Sh4So,rock,2000s
5GorFaKkP2mLREQvhSblIg,r&b,~2000
5xq7pQlWzS8MKCbeU6PVnI,latin,2010s
4eJpEQTj4jLQNYtuZ8X1mR,r&b,2010s
1RjU7UhRICmdFPKxCucLgq,rap,~2000
6LwNRG1Yg11VnyJX7ezpyy,latin,2010s
1mC7u32zemMLC1mVOU02Pm,r&b,~2000
3tBHQJmuE0BOKR7l4Anap5,edm,2010s
6XcfKZvJio9Z0fQy11GnNX,pop,2010s
62LJFaYihsdVrrkgUOJC05,pop,~2000
6SvRYfsIeNSVV2EAH7I9P0,rock,~2000
1XxUDJp9zsjd6tBSvE3la4,rock,~2000
0V4uo88eJO6JgkdW4NUMZm,rap,~2000
3rFQdyT9s0sg1zEaYQmJ45,rap,2010s
7rfAUubPk9BrBNFApLJZcy,rap,2020s
6WGOAPBw5aYU1bnWffylQ1,edm,2000s
224EQMt8CpNPV98j9L4iMJ,r&b,2010s
6dW75XbJ1WAMljOXWjTK46,r&b,~2000
5eSllZgRWCIJsDTAqFRwQw,rock,~2000
5FPnjikbwlDMULCCCa6ZCJ,r&b,2000s
7nD9nN3jord9wWcfW3Gkcm,pop,2010s
53oWwSxPuyH2cjYKXH8fgO,rap,~2000
5SiZJoLXp3WOl3J4C8IK0d,rap,2020s
37TpGJkcnu8Ap7tdTbwGlD,rock,2010s
6LPxzcsPrFEGoTa33gG7QC,latin,2000s
6rK8YLvFotZ78rb9m6MeqE,edm,2010s
6m2yzFxphk64CLYkDgl4qs,rap,2010s
5a8oEMjQ3Fyt6WxNsdNryn,edm,2010s
6wjSNO6uJYlgbbfauyWhiw,rock,~2000
1hxDtE2zgp4J4tCmn6nbyu,r&b,2000s
4VcV0t8VN6AZcWTznJOUUN,r&b,~2000
12G1TYIfbpvC0mdFFn4Pbg,rap,~2000
72by3Re4C3eVEBXvsUo0zV,r&b,2000s
4RRvVSpreSh8psHZodRUU7,rap,~2000
2Mma8mPkMGvFljxKORvySU,rap,2010s
528CAH5pTLq86oZ52fHifA,rock,~2000
3Xo6NqkOMHfw9QwxzYQ36c,rap,2020s
00LfFm08VWeZwB0Zlm24AT,r&b,2000s
7e2lRhdJQ6vH4EwOrIMb4g,r&b,2010s
6Fba9RZtC6vTY814JToDtP,pop,~2000
3JfkNCiXjHEVkbFfCQ417E,rock,~2000
5NYzvVxuyXiHSqn7PojgKC,rap,2020s
44UYb53g0qYJyg1fe2LiA9,rock,2000s
12ZQdr6Ir1x6QByyPdJg9W,edm,2010s
5Zjge6yCThuBMdnJdOBp9A,pop,2020s
0lHYQoSwhIKqUjUsbQygyl,r&b,2020s
6C1YAAL2KFTlpqfZqVN5LD,r&b,~2000
1Off1r34vHtmkxZrVCqOJJ,latin,2000s
1ZtG48NtqQdyN1AnXiiYL0,pop,2010s
1bObrsJGW0UCIGZkvnDqbe,r&b,2020s
4nYKI0JqkWfr1YbmH4ADEM,latin,2010s
7FQyzz3MRRyIHB2xuPjQhL,edm,2020s
3mz1kmUWrrbJsoAx6rFRc7,r&b,2000s
5xtGNElI7ocpEHaFu4ZQG0,r&b,2000s
0kwBATkVUAG7JRMEosNUUs,r&b,2010s
6HYI4GiTkYoaGxrXELsDjz,latin,2010s
21LMl54FIe7J5oOoZzgeiQ,rock,2000s
6NAmbftWAovcMCnJzDCFsU,rock,2000s
4lnVigld8DSkCx0RWXiuKd,latin,2010s
17rF54WvGGqPVxDheq8PP8,edm,2010s
4Zc6OSN5jokFfoWhyqn8Ur,pop,2010s
1MVP0lWdOFspDWcoKoScCj,latin,2010s
71wsC1Jmt4wI4zuCvKYI8K,r&b,2000s
2CS0RcwxuawBHEs8n7gS3i,r&b,2000s
31H7LPONnW6megZrmnN5th,rap,2000s
2Nyg5XSFpb221DZzgNZrJP,edm,2010s
3yeBgHJfWqR7i1wIRw4Oeb,r&b,2000s
5AkfmoNoWinVjylKXPzmwV,edm,2010s
0i5el041vd6nxrGEU8QRxy,latin,2010s
3bWGaqVeYKMlLss40mPgNn,rock,~2000
5JdZoKXupuTx3zykXxbriP,rap,2000s
79yPlcjbwRebGO32kz8Bkv,pop,2000s
2cMXvhXlXMHpQLW7UTTWUp,rap,2010s
5MxNLUsfh7uzROypsoO5qe,rock,~2000
2BYdSTQjd7e836KDacYjQt,r&b,2000s
0BiGd2FNDQ0eh79ZHfp6tS,pop,2010s
2Dl4lx3LicqztcmGo6A5l5,r&b,~2000
7zWYZS3MmS4YcqkQ02VnZc,edm,2010s
10IBstzGdLMMwtxTiefXtm,rap,~2000
6LH6IWKmglYak5gTQAAg3f,rap,2000s
2r9IVJY3OIDb64lplJJ8mY,rock,2010s
0EdgK7ASb4kfRkW8pVMN02,edm,2020s
1JURww012QnWAw0zZXi6Aa,rock,2000s
6h85a4Hgx0FAxJQtCKuYO9,r&b,2000s
4kEsRngsTsKjaFlFSnVkyq,latin,~2000
6LMeLQ9e8T5YVNFnwbliOI,r&b,2000s
5mpUKTdskZea0gStWzeHUZ,rock,2010s
4ejjjAuVya6bapdTjZE9Lx,rock,~2000
0hCB0YR03f6AmQaHbwWDe8,rock,~2000
5ojJNnX5ND2gMGojPd3NiO,r&b,2000s
4kDl3770KCqW0FComaO3TV,pop,~2000
2Fw3Heu6kvivVv4S3JOLs0,r&b,2000s
3M3BiAe7eXqdfgdidgoNP2,latin,2000s
2SiXAy7TuUkycRVbbWDEpo,rock,~2000
3AsUkHdWdQWjT2FgEe8nzY,edm,2010s
0eQjA54TJkwTHDJKG8OkRg,rock,2000s
7p4jpmyBnOpqQ3rSGJzZ7w,pop,2010s
0Czg21zFuXypqp9S76d4TC,rap,2020s
5ZdoETrAlitUnfV1xrbkPA,edm,2010s
6WE7jSshLCuVKoCmobVKVf,rock,~2000
2q7kLQFjeVWs6iIW3zwiTd,rap,2010s
4wBuczTEAgIJ0Ce9IFIEsd,pop,2020s
5jGeQRvBScdvFEkbiAlS7J,rock,2000s
6UzYTq2NG3LdYDFQi2Kxxm,rap,2000s
2lKEQm6HZqDpc4jDxIwPYz,r&b,2010s
2ZAQE38hLEzP4uvw91i8BS,r&b,2000s
4iq3zHwgHSxstFvYw4yIsQ,rap,2010s
05RgAMGypEvqhNs5hPCbMS,rock,~2000
3ER2b5TBR4XRx9DHiZJ484,rock,2000s
6zTfkjNNQKcGfjJa5cKTkq,rap,2010s
5BEX5jMEkOB8Zr1dUft3Mg,rap,2010s
0832Tptls5YicHPGgw7ssP,rock,~2000
0E9ZjEAyAwOXZ7wJC0PD33,edm,2010s
4ceZt0ptwiflIu7x6TBeLx,edm,2010s
4cOVTA2GfYTHw99AJDQpHo,latin,2010s
5PXYxcgAbE8cNX7SbQIPw4,edm,2000s
7zdoYASH8iYGR1CQV3m8dY,r&b,2010s
5sK3o66yupTNIK6gWgzGjf,r&b,2020s
5YoKhHQoQS6Nwn7rKc0qii,rap,2000s
04Glred2wGdSNH11Qh4EDe,rock,2000s
34hqsdmzodHbk50EnoSefY,latin,2000s
57nReJa69S1lEJGYHLCKlx,r&b,2010s
4Vjc2hFx7GT7YtyfRmomgR,edm,2010s
6rB5eNXwpxDbVJJpWzaOlf,latin,2010s
6wo37KVqFJhtuxPTpLCcfe,r&b,2010s
1Fu3vJJwVKY7c7JnTX3Mvi,rock,~2000
72RPn7RFZQmZD5FEgfHxp3,pop,2010s
45PxuJqJBnPXZKLxoo9Apj,r&b,2010s
5l9cK2RonGp6roJyvbdo2w,r&b,2000s
1seFxVgAnzOHHBDQgLkdmj,rap,2000s
22OkYzlU46O7PF5Kw4YfKF,edm,2010s
0HEmnAUT8PHznIAAmVXqFJ,pop,~2000
2lPACBENza3HRYBvQPOdWT,rock,2000s
48wtJb8w1yNSLBVy5q9Wos,r&b,2000s
2Ekzm3AGOE0u3uXy6rhAZY,rock,~2000
1jOwBtJjO0h4OcZC7jPTdB,r&b,2000s
1iTZnsVqhCBdZqp9gjITDB,pop,2000s
5JkgxcfTnIGi3Kzf65ichn,latin,2000s
3R6BkHp37wmjYlpzaU1ODd,latin,2010s
0hCB0YR03f6AmQaHbwWDe8,rock,~2000
6CUugPwgI9yd0iPdMFkClA,pop,2010s
2HvCL8hgJoHrrGAZEjQ3mM,rap,2000s
4okba5wu9mMLXx79DXLKi3,latin,2010s
1iSDUrzhWu3Sq51zbwyO4d,edm,2010s
4OJFkrRQqol4FsPesF8eu4,rock,~2000
3Cx4yrFaX8CeHwBMReOWXI,rock,~2000
6ivEZ3UsWccxvqqqNXwmFB,r&b,2000s
2ZQoWJMqk09UpAQt2Z712U,edm,2010s
56hvN4r1qI7kDW9cw1lVov,rap,~2000
3DjInVTE03icrWsq2UZV9n,latin,2020s
38Iwduov8CqeckUz1oKmyC,edm,2010s
1PtL0YQRtq3qxDGUSwZPJ5,latin,2010s
2jNlqJV2GnmKosuuvJS8RY,rap,2000s
6P9iLOJ9FwBe6S9xrdp5jK,rock,~2000
0gH8MrEnV16R2YGzTHJpCZ,latin,2010s
4azFYRLO5CCUXl7DSpluma,rock,2000s
0NLWuhQ5gZmFauGarAPdol,pop,2000s
1vMKBHGQtISTkLva8uZgtn,latin,2000s
5wfyoR8XOkw45QRtFOoxyi,rap,2010s
3oi0jM57drueNianCvO5jI,pop,2020s
3O8X1DE9btbzy4UH9cSX9a,r&b,2010s
0iBOGfVW1T08dRqtqnMYK0,pop,2010s
1mIMTXtS7NPOD1Xq63Zxhq,r&b,~2000
7ETvGW4DrxnocSxcrJOL90,r&b,2000s
1244xKUG27TnmQhUJlo3gU,rock,2010s
0ttKO7eBjyoq5Khr2X9lwV,latin,2000s
2YiqBesMJpszYU6raDOG0R,pop,2010s
2L7mTZOYDtI1syQQh6AVM8,pop,2010s
3TW48DvQ7ChwY1Yy1tkMaP,rock,~2000
4AkCyd9Nlbt8JprQq9V6o2,pop,2010s
1f1QPwS422JMbg2aRW66bw,rock,~2000
65eRcjlStTnk8opG5eIQ8Z,rock,~2000
0jG92AlXau21qgCQRxGLic,rap,2000s
2f3GPCYUaoOLoQHRXrlMaL,pop,2010s
4XTMj7kd8DHLl0r7ghmEAr,latin,2000s
3noZh3GynRLHd9QxtbmAyX,rock,2000s
76mjPF4HMKDI0sfCOCQEFO,latin,2000s
5QRAfvKPyQpwt897Jc0glg,pop,~2000
6FMbRkntFOPQOiB059MQ4x,rap,~2000
5XBIgIRzyOqVMihgqgK8JQ,edm,2020s
10GibFPOgO6mD6qMQeeVoU,r&b,2000s
4aimS7UJHeBfF0eJDhIGBH,edm,2010s
5krOROgmf8adn3SJzeKLZy,rap,2000s
2GCl4gCETmd0BbqGjC2bjR,latin,2010s
1yM7GIEJ2QniupkEHOyp0a,latin,2010s
0OeBUQzpwf7PYIvGtSPGAE,rock,2000s
0a4vQ58TiGl8Z77EEAvQCx,pop,2000s
5ihuK1TOIWSNfLdlJvO3Yh,rock,2010s
489S9D7zr1jSMlNZHLnKKX,rock,~2000
2X6gdRlGOQgfaXU9ALUQFQ,rock,~2000
6FsbnJ9arnLKwqgMeKzUv6,rock,2010s
6qyKoY9CfXWP8arx6JDum6,rap,2010s
4nOGwuxFp5LIFe2Nj476xH,rap,~2000
2FeYK41Grs7KdR9Nqoy1MK,latin,2000s
1V3BpCUSyBt9PDZ309652A,edm,2010s
60NvAO9lx0KmBNAVHIlWN6,r&b,~2000
5viw7xR22mmAU8UjtX9duJ,edm,2010s
0X1sqQ652p1sceKM2nJlIJ,rock,~2000
2D52zjCyqEIQa221lhw6uk,rock,2000s
0xHgclG2TeqIzB8N3Wb5rP,pop,2010s
5Tl0HJvynZtKdSUMKbFVVX,rap,~2000
0RdxqjfOtnZQfhgmC7Fa5x,r&b,~2000
4qEwtfyeCZkAsqLIkSFxO3,pop,2010s
07TaUxan2koUnBPPzrtU04,latin,~2000
0xTWI6HrzKHJ6LK11f8jGO,pop,2020s
1BVnAMf782HlV4HIPliHr8,latin,2010s
5cN4KyXGUdNOve1TEPWmhL,rap,2000s
1M9HkdNJ9ArhHc4ueJ5tVm,pop,2000s
5HNCy40Ni5BZJFw1TKzRsC,rock,~2000
63KcYWznO0w3J5wymiT9QK,rap,~2000
4E89wfYbGzoNolObrFhoG4,rock,2000s
6x9LOLRF3wnjp5GsXKSKb4,rock,2010s
49FYlytm3dAAraYgpoJZux,pop,2000s
0017A6SJgTbfQVU2EtsPNo,rock,2000s
0DfqzZnW2KhiyXjVQiFioT,rap,~2000
40e9kU9Wd4vbedqSA7Io4n,rock,2000s
5WWOmIdScv25SOKm8yknqh,pop,2000s
5CG4RXjli90Zd1KDalPqeK,rock,~2000
632wpQN4nWLEvxUyGZxyLM,rock,~2000
7wnC64YPj2YH2oHYBmCzHt,r&b,2000s
4d6eqRtpDX7tydHJGDZUBQ,rock,~2000
5TIWXsp1qTrUs34C1o2QVc,rock,~2000
7BuwIu7FU1R3IxWDgX8HWm,latin,2000s
1CnN9udhDokm7lARZjMji2,rock,~2000
4XEQqy7GlKVKKoC34yE0RU,rock,2000s
0OMQmKShxeq6osRrukRwId,rap,2010s
6QFIhhGf2T54UzNlVb2eee,pop,2000s
4VyZJLK6KWv2SYCYxCqafR,pop,2010s
58XWGx7KNNkKneHdprcprX,rock,~2000
4dASQiO1Eoo3RJvt74FtXB,rap,2010s
4u6JFQa45iIYPy5l8DK2xc,rap,2000s
0MYLzCswPtYON4yYWmB4dx,latin,2000s
68vgtRHr7iZHpzGpon6Jlo,r&b,2000s
1hGy2eLcmC8eKx7qr1tOqx,pop,2000s
5XLC8xoqyua4U7wJiZAWik,r&b,~2000
1gqfZG2HORk2sPxoXfnS4y,r&b,2010s
70cJZh9z6pfBYmghV6fuBX,edm,2010s
7s4eOa9D4Qt7o3iRChaVIu,rock,~2000
463AfXA68pQHMNkwwcufP0,r&b,2010s
4yqtwO7MQIIXqoiRBPHAgR,rock,~2000
7pqgMEKsDMOHUdFQ7n0N9K,pop,2010s
2UXfcIiYWyIvKBlHyNQlsD,edm,2010s
34o7op5h46HN2bbqnm0dCh,edm,2020s
4aVuWgvD0X63hcOCnZtNFA,pop,~2000
3odPjdX1SjxxjIr0EZjEht,rock,2000s
4Z1PxG6UTqVhsc6SzjBip7,edm,2010s
5sUlaoVcLPk2Wr695jp6dd,r&b,2000s
6h7MPC2hBJHJQuobsRXqwF,edm,2010s
1w59KTZidiW3NN0FA7xVGZ,latin,2010s
2LfPYFstoasEmLDNK9geH0,rock,~2000
2AXyvJVjAEWVhRFORkZtst,latin,2010s
2qS8NRov7B0s5zhF7wzy46,r&b,2010s
7xJl2SNQT9ZqgXpiPXprnr,rap,2000s
7HGTkn2aX7MNdKs7nV2xBt,pop,2000s
3D6xxbFiyPRduSUowHbjSP,r&b,~2000
3zagi2b65in52cZnFSnyAG,rap,~2000
7fGxqyHFmWrs3GhpwSht4H,pop,2010s
44evOHkEKmJ5VofpPo0ta9,r&b,2020s
3ZwxD4e9x04NYSw6XPuJYe,rap,2000s
2JxeAupAiJdB8I2cieG4rP,rap,2000s
6p1FD2W6hWIDqbtcmKjzU8,edm,2020s
3OzdPSE6oqobXdKqNADWQ5,edm,2010s
2qHLzgKfeVZebpQLtFzLkN,rap,2020s
067rttIeRuLeNHM2dAPb4Q,r&b,2000s
6mwA6YiKDjAUG8kWvRRUPh,r&b,~2000
4d4AIYFkR8MSWtKBmphyir,rock,2000s
41o7hnySdC33otkgYzQiEJ,pop,2020s
5onGESUxi3P9xLt311oS59,rap,~2000
1lCRw5FEZ1gPDNPzy1K4zW,rock,~2000
3MkdA6vwF0ifRl86yzTlJW,rap,2010s
1XAIClKMS3S2wkGBdN91uB,rap,2010s
0QbFNgjFt5kebstVXugODz,r&b,2000s
34MRi5GRWHFUa731JBxFEl,rap,~2000
3Azfxy310AeqVbUsx4Mqql,latin,2010s
18ZRmY7kNZQQHpopsSVxwJ,r&b,~2000
3Ol2xnObFdKV9pmRD2t9x8,rap,2010s
1ZhrREyOOeFV6TxDOyiPwu,rock,~2000
4yJiXq86uM56uIfIZgE440,edm,2020s
4Gd9PUEuOTOJtbgd4YxLXM,rock,2000s
5P0FaLdSqCpFolBHv4M8ig,r&b,~2000
1XUkeGjCHXUcus4U7WzYmF,latin,2000s
3R9pp84rf8oe5OYtOYRvya,rock,~2000
70C4NyhjD5OZUMzvWZ3njJ,rock,~2000
70wYA8oYHoMzhRRkARoMhU,rock,2000s
2gApWgkuisXedOcS9Tligs,pop,2020s
6aDYL0klsShJ1NDScruk2G,rock,2000s
6pwQEpLOlwclrsjgEOHEp0,pop,~2000
2YzHSCRkNrOJmmYZ0HPBJJ,rock,~2000
5n1dxunU8DEoQJ59n6P0bq,latin,2010s
35IvqtoxYL3H9qB3hSQUES,edm,2010s
0UFLbtupYWaDGMS4io94Ml,rock,~2000
6crBy2sODw2HS53xquM6us,rock,2000s
0Fe8UbYzUVBlW60IlcYpHE,rock,~2000
1qRA5BS78u3gME0loMl9AA,rock,~2000
1oar8gdDX5yHWzVstAHDav,rock,~2000
5VPdmXGp3BR6Xst5gmbQrO,r&b,2000s
7000lIDeQQURNIsLINOYZo,latin,2000s
4PclDQ2lYPmIuhj4G3swK1,edm,2020s
0Jci9dBlCSDgL5ivMMSAQx,rock,~2000
3Ye4lLxSc4Sbnqc8mCxAqS,rap,2000s
15MWfFZSfxpyxYkznIYvas,r&b,2010s
5yTQ7Vy6EwKwB64Vho90LI,rap,~2000
3yuJVbCLjxcu0T6bZoiWXg,rock,~2000
6OqiBoHIMpBlzZaCW4HdWy,pop,2020s
0ZfM5XfJTtFPhOxAERRnNY,pop,~2000
7JUvz8eMJTJYJ1dHYUcK7y,latin,2010s
5oqSr3rehtGgZyDh0LCSA7,rap,~2000
12soRJf1RZRsCd0QUnJUYL,r&b,~2000
67SMaSkF6rOBiTkwLCMUIW,rock,2000s
51TG9W3y9qyO8BY5RXKgnZ,rock,~2000
1wRQqmZwiF4thdQ8N7FiNv,r&b,2000s
4qngSTqniuB6PYTE1JdbPG,rock,2010s
20TYNq9o5sdBAbkCWE9ih7,r&b,2010s
1npDfdIgKSiOwtDJJqgeBw,latin,2000s
6sNs67OYo6O7HBVwr0ugl3,pop,2000s
62bOmKYxYg7dhrC6gH9vFn,edm,2000s
6dxOG7bXlN9wK9LXw59KWF,r&b,2000s
7aSnPAggMMgElb6BgXeSEw,rap,2000s
2LBgsnOYRftYWaFio89LFZ,edm,2010s
3MjUtNVVq3C8Fn0MP3zhXa,pop,~2000
7ckO5VCuSYBQGceDzJMd6S,r&b,2000s
13CLufSzf72lwWXJrEvzF7,r&b,2000s
23Fw0qh3Onqn2276LiL2pT,latin,~2000
6GOS3P4JnjGLk6xVdHPY9x,pop,2000s
2m9FaaFeLhjsWChEMDSczD,edm,2000s
36ND2j1I4fAwsIcQJXka3P,pop,2000s
3YfovjrAI1m5Y5kprgEXcm,r&b,2010s
0ELGNJMaS77IypdXZTi2GH,latin,2000s
5YF2z4WThIpLNNcByTimJA,rap,2010s
3YoW2uHZvtHg6WPUVuJNtx,rap,2000s
76IcyIbm2z4TJ7VjQ1tCkS,rock,2000s
3w9iGq39HPSn0b2ruJzik3,r&b,2000s
3Y6XWs8xMlCngyIxNOFnsp,rap,~2000
2GaCZk6EZBMv2H54GbUUMm,edm,2010s
18sytW2s53Of6NVudQyUlH,r&b,~2000
4qoikTP7LVRTkoCaNj8rgG,rock,2000s
2ZLkHOVY7dqXIyhN4YQ4FH,rap,2000s
1CM1wOqD2AIjt2MWd31LV2,rock,~2000
3twNvmDtFQtAd5gMKedhLD,rock,2000s
3nFJbZCHP4d9vduKjJLdBL,edm,~2000
79JBjIq90BrQ8Ws0pUhlzD,edm,2010s
0R332cdlS9LyE0Ge2PSlVC,rock,~2000
6UkMcAA19lTdjs22jtB7o2,r&b,~2000
69uCmYNvkqnvIpyTKJXZ5P,latin,2010s
1wYJnu1hMrYMNrkXKTVrYd,rock,2000s
06Pvy98db25O7wlfFFFIRM,pop,2010s
6uj1ZCdrSLRF8e35bsiQqA,rap,2000s
6fIjnWrv46njJHLDAY2JdC,rap,2010s
6skR4ZtK9TWsLpbxTbectM,rap,2010s
3IyvKXZZwgqU4tPxE2LZ0p,r&b,2010s
0SkpjIqhANcC2QQu8DIuwG,rock,~2000
6gGSSrKMiV2yec1DrqGhhy,rock,2000s
4wNIkl5XGiAACjFBlDWuSd,pop,2020s
4JqxdEkR2KWTBz7WB4fj3W,rap,~2000
500h8jAdr7LvzzXlm1qxtK,rock,2000s
5phKqpI3sIyHPo53q2Rabh,rock,~2000
2Biy0tRkZTGxGH8axDwnqP,pop,~2000
7x8dCjCr0x6x2lXKujYD34,rock,2000s
0iILtbtok0PSKv0rFVIxSS,rap,2010s
0rG2BChMZVu4thkwM7i7Y1,rap,2010s
1WURfdj2VWtsw4mI88DMa8,rock,2010s
1XEWa6B8QT9hLEWviXnIGb,edm,2010s
7AWeyu0x4vJp3pb2RKadBT,rock,~2000
5l8oNQsDDPNFUIV5M4lzRJ,pop,2010s
5ghIJDpPoe3CfHMGu71E6T,rock,~2000
4kQ6ePhvkPxFgiMnxKWfpm,r&b,2000s
7INfYwbvv3gvkknVh7KTwv,latin,2010s
6Fvhy9aaBvsLBzC7vDEhIr,latin,2020s
4h1T8pUzl9VtudWWlVAxxz,r&b,2000s
1PZ3QsCFec05Ls3PwOqKXZ,latin,~2000
1YiD079ne2nl9TEOrw43Gh,edm,2000s
047fCsbO4NdmwCBn8pcUXl,r&b,2010s
0qIRdfBMfAfLTMQuVNMCeI,r&b,2010s
6XsT5UGfpaFeHQf5LRIy4W,r&b,2000s
6Nabz5Gsy80XL0MJoOmgF8,rock,~2000
6WKynwuNv6tsxlFsnWYkQn,latin,2010s
0szKeS5WTmnMzFIgJCQllo,rock,2000s
3OUApyz3jDB3syGUNGqB1d,r&b,2000s
5NIPsWpDjJTFBoPxCUUeXp,rock,~2000
6rg36Oftq44sszWXRdwcEG,edm,2000s
3UhwS81S9L7i2byZCrhSAv,rap,~2000
3u4RKvwDT3CKeYbjxqXEye,r&b,~2000
6l4TNbfPtNAOOlGIfceSaO,r&b,~2000
3a5sW7rqY5b5WDdANvSHxD,rap,~2000
56I2Mg0Q0O7L5EUmYBGCW6,edm,2010s
5H9y7se06T9etwuJs47e2m,rock,~2000
4VgYtXCVJ7IbWAZ5ryfvEQ,latin,2020s
4VKI2yBkCE4mWhFBwZp0LU,latin,2000s
6MYshGKhcheOSGquz6NKbC,edm,2010s
7elZqrBZysXba7cTLkrw05,rock,~2000
41bIQPBE1lFN0mmw6Lmssz,rap,2000s
1qzvHfKFORSj1KwxrVty0P,r&b,~2000
2UpzG0eNTF58A5Z2XkqlI2,r&b,2000s
3GxbXFWlq6Qseg4wHJ13qF,edm,2010s
7dQC53NiYOY9gKg3Qsu2Bs,rock,~2000
3AhXZa8sUQht0UEdBJgpGc,r&b,~2000
11WuRl9efXTiWYtvB2y8X3,latin,2010s
4f3uZW3Wc1uO2cN4WJs5nu,pop,2010s
0Cn8NxJZz7zUlsaA3rXoIU,latin,2010s
1jj80muEnrqByfH2omBOcZ,latin,2000s
4aVuWgvD0X63hcOCnZtNFA,rock,~2000
1t9QfMMUAij4Wtwq4HVDbz,pop,2010s
6Wgy62vZBMu9dkcSl7Ib78,r&b,2000s
2k1np6GRFvKjgjYfo2g39B,pop,~2000
0L1IszgjzIZRBENyHJTQms,pop,2010s
25CnqAR7fzAQbb2SVoSa0b,rap,~2000
5okFkhRbWOSDWp3c15ouMB,r&b,2010s
6odOP8P6LFdIiuawZhFho7,rap,~2000
792tOJmf88fWGLyD7Ca1SC,r&b,2000s
42yc79BapfKffHxLPRIEht,latin,2000s
4tSteFXglCBaG6sFvYCBVX,latin,2000s
6Gkdq550XBZoACE78rYD6g,rap,2000s
5cxQSKOme3MaAtdF3JEWln,rap,~2000
7rN9wxpkoUoZG6hMaLUmFS,latin,2000s
6tXjP6xgPJ7Xr1igrO6bOE,pop,2000s
6kls8cSlUyHW2BUOkDJIZE,pop,2010s
0bSr5pybJSlgG5OZH441gF,rock,~2000
1IJXwbwbldrL3Cb39WHEJZ,r&b,~2000
40EDOraCqoiMf14TzODihf,latin,2000s
4oTpOReBnndvbEZzjApK6j,r&b,2000s
1u1DBObkLFscNCpRpXbYb9,rock,2000s
3xrn9i8zhNZsTtcoWgQEAd,latin,2000s
24IHwt3oO37js9tC48hWMr,rock,2000s
0K5O0AJkUN3sQlSCjgbFMO,edm,2010s
0QDTcZ2mK5v9KQbfG01jlc,pop,2000s
5AVOViGgI5gHeLhTqs9iXH,rap,2010s
0ULPav7qqKTHn7vgi9v42k,pop,2000s
5xLfQuX5YAfog2JgPz0dpA,rock,~2000
4InCoEhx2DXZJarQiu4K4S,latin,2020s
02M6vucOvmRfMxTXDUwRXu,pop,2010s
7qvWz9AsvPmXlIWZ94VFpj,latin,2000s
3ONkyC5CusvkPcxYXZJy0d,edm,2010s
4kbj5MwxO1bq9wjT5g9HaA,edm,2010s
2zYzyRzz6pRmhPzyfMEC8s,rock,~2000
0EkF3BiQdvlzQW7VSq9NyF,edm,2000s
52riputZ4Vo5PG9MOSy6r5,rap,2000s
1zVBU0PAj7ZUVmVfG2pgQG,rock,2000s
1AHfovSnGPVYKaahRtA0U6,rap,~2000
2rKXzis3tBuNQQojmCldkv,rap,2000s
329ZotUK1Kbj9Fj8aASXud,pop,2010s
4F1ODe06Zg6i276BkNtkGg,pop,2000s
0eJzykWzPq1TW7hrvMxKc9,rap,2010s
1e9Tp6Zul9XKLTGiLoGY5D,edm,2010s
4aytB0kODhqRLnJwdJqUmW,rap,2020s
33FIqQgI9ARTSsMj2Vyvxq,edm,2010s
0le79px2kIBXQDxUe8ZUGP,pop,2000s
2MJrwP7dCWU3Eh3BKfum0O,rock,2000s
1admxCJQrEkYxmjhI0JNmc,edm,2010s
5zyySSTcBpXQ8gSbuONRH7,r&b,2010s
7a9KN84HehzsVv1dlbnnNb,rap,2010s
00YeYHw6zhoy1y7EPTgIkj,pop,2010s
5vlEg2fT4cFWAqU5QptIpQ,latin,2000s
0mkgtO006NB4lVjjBF00Jn,pop,2020s
29KB0fBhoo7o9QvGkG8iHQ,r&b,2010s
5E9owC5qaJcsc22B0N4PYn,edm,2010s
6TfBA04WJ3X1d1wXhaCFVT,rock,2000s
15YDVoPwMNTZOLGW7cT0gA,r&b,2000s
1boHm9rjmvzxpJASd9dnGK,rap,2000s
420TVBBL8YJYMGiGOEFM99,latin,2000s
4SE81CrzH0qPA8KHqM9Syz,rock,~2000
3SdWlGRIuwSeD7F5BychVN,rap,2010s
6gj08XDlv9Duc2fPOxUmVD,pop,2010s
5sUrlBp7h4aijnw9QwntnI,rock,~2000
7EbUzSDb2R7EgyO3uGN1Oz,pop,2000s
0Bbd5inN2znpGQkxZbqmmU,rap,~2000
7uTx2o4PJ7UC0oNjtGkaS6,rap,2000s
41TcraLQnuKmJuJ13nNwSd,rock,2000s
4EoDcHQ7lOj4RGgRibFLXh,latin,2000s
1EsSm8qaR9Wtm1OgZXKi2n,rap,2000s
5Anh8jULgeUgciLHCR25Mk,r&b,2000s
3pGeMszs8vgG4osWUTMEk9,rock,2000s
51zC0cKP0zSmXgj4kgfbl0,r&b,2010s
7d7nFnedVJnEeeGMMNhyKC,rock,2000s
5U6iZ91dNg5XirDUXWMalJ,rock,2010s
0DWQYGNx63qrkYOLVX8FQB,r&b,2010s
1aiH3mHJ2lEMp9Zbb95pQy,edm,2010s
6sHsXIJoEN5JpdkGMQDJxt,r&b,~2000
2MQ23MqDI0N9IVy8iaZddc,latin,~2000
13LxArRBitvjpAeQ4ZnBXR,r&b,2000s
40b31eggZB30hoqXhGm4qc,rock,~2000
7MRyJPksH3G2cXHN8UKYzP,rock,~2000
7mXnPKYTmF3yVwFLMmMdkw,latin,2000s
2nmaEzFZrSm2aMLtfJDzyG,rock,~2000
636vdFAufIda3oSxnafrDI,pop,2010s
0EixXz4ZIBS5sq7LjyN1VV,latin,2010s
3ZjnFYlal0fXN6t61wdxhl,pop,2000s
5c5a2Ptu8eyIpljhQHjIqk,rock,2000s
2WNVqZq1ujhMDlOAqBFkVv,latin,2000s
3JCvjoJdEpnvnY5QxLuUDE,r&b,2010s
3L9RIFcNF9IDGPRE96EO7N,pop,2000s
1ohbjkuczl6hEoYEo931PH,pop,~2000
0hKRSZhUGEhKU6aNSPBACZ,rock,~2000
4MQ7kuKXAMfpm9KxGe3LM0,latin,2010s
1neW5xfV6U4tz5zkeq0Uxy,rap,~2000
57DZJLuPk9a5ULzdER3ZFy,rap,2000s
3l85BgDKG8LVAlEnHEU8lP,rock,~2000
6TlRNJaezOdzdECnQeRuMM,r&b,2000s
41knNw2OhgF9gouyy1squL,pop,2020s
6TgLQJ87xq6adrAU6HzaTW,edm,2010s
0fgVs2FjWxf60Gk8aaoECK,r&b,2000s
3ncgNpxLoBQ65ABk4djDyd,rap,2010s
6NPXOiZC0m16RVKKB20vDb,latin,2020s
6sfBQReZH9v9tYSs82Xt1O,latin,2000s
5NvDgnK8XNqcJMVUHWfpD1,r&b,2000s
07bN8cB9mNxEc8MXZTeIHz,r&b,~2000
4wFHfY9IILHLNwakPuFogD,latin,2010s
4alHo6RGd0D3OUbTPExTHN,rock,~2000
3R47BVunpwXhQbLWrClD94,rock,2000s
40k5kY5YengXaNwU0tp01B,latin,2020s
2Aqc48sn8He26hmTvQ2BMj,rock,~2000
3ys72Tl1Texh8GM1OKaKor,rap,2010s
3sYWyVGfPuit80szWXhrRA,rock,~2000
0W4NhJhcqKCqEP2GIpDCDq,r&b,2000s
7qiZfU4dY1lWllzX7mPBI3,edm,2010s
6g8su55d5ZpbMw01J7YrgE,latin,2010s
4qOesAYiMiMFiZrn2wfkl6,rap,2020s
1pH0ZuY6owJ8sao2eZsx7g,rock,~2000
1MfqPCs3Y722VK6zkWZ98Z,latin,2000s
7xppmmRfdHDzYm2Z8tvPC0,r&b,2010s
4FYeIka527pqJV5Jm5EXai,rock,~2000
1mpD5Q8IM32I4bF6eCpU74,latin,2010s
0KhSyTLxO3JsWHCA1zmgXh,r&b,2000s
32c5K5MRBljaSZ7A7ba7Ia,r&b,2000s
0YoquWDxpwAq8jFPj3K8wp,r&b,2020s
4xBGYIZndfEI1puWGcyfo9,r&b,2000s
0J45lEzyh0cMdi4jPAp5xV,rap,2000s
5WD1lEPaIBOoGYADacfFVS,r&b,2000s
5dMDYyq1czyZ7FrEzMjARZ,edm,2010s
3eekarcy7kvN4yt5ZFzltW,r&b,2010s
3NLrRZoMF0Lx6zTlYqeIo4,rock,2000s
55tTwiyz2MxqwJa3uyynag,rock,~2000
27kMqdX3aoN3gBndVKlTfR,rock,~2000
4t6NQkpUmvpvLDCkl3XuwA,rock,~2000
6sPOmDulFtLzfX25zICNrC,r&b,~2000
0l2o1LkTeVh7uQfePoXs7c,rap,~2000
03jaJIluH1b63i50i0lmnC,latin,2000s
4xCW2ITZ9DTDa8iUv3aGuq,rap,2010s
1yFORmqWN4bKhboS8inzzv,rap,~2000
5X1x7olCET1Kix9YjOMTkN,rap,2010s
5JZcX7TTLx4l0xFIXJ3DBt,rock,~2000
4KjuEDEvjIR1PDzQQYhoGy,latin,2010s
3pJfWEBxmRDfS3hM7lAphp,latin,2000s
15GJ5u94ls3eciXNh6YDER,latin,2010s
52wF5Pa8fK4KwaGGoYDeDV,r&b,2010s
7IUl5c6u18rzmyQOblj10T,latin,2010s
68hsfx3ZutyxvSUCiNQ8sB,latin,2000s
3qfoXvz6lLGKE8Ry0All1K,pop,2020s
50Xbiaj29QvHFy6gwNeL0K,rock,2000s
4IejnaWylIqjqh0acnxmJS,rap,2000s
7MMV0p9GGiOaQaTvvjELC7,edm,2010s
6fx1fKIs5e0pBL5FpdC7RB,rock,2000s
7qEHsqek33rTcFNT9PFqLf,latin,2010s
3aNsRsxKJWI7QdKEbav4e4,rap,2010s
292wwhfpjg2mA7PIyh2RjM,pop,2010s
7G4JtFBBuMEjDKJLOB4xA7,r&b,2020s
07Tx168RSsUS1HqkDIOZbH,rap,2000s
5ho8fuTb1GIvakAGy0ZbWD,rock,~2000
59gSh5ihFRsCyB4gpwDjcC,rock,2000s
4Tttv4p2xuAq1LpQ7LI95E,rap,~2000
3rMyMv8EjKXoPnaRo2hdJN,rap,2000s
6aYRLFKPuIt399nJdro93G,rock,~2000
3FfWLi2e80rgn2Q02OhcbR,edm,2010s
7mJq5UJOfh5yzyjCaiPaZH,r&b,~2000
6tVs6BS4vqrFsCrHS0Ycsr,rock,2000s
2tNmhDlMbwQZLxQtWMt2EU,r&b,2000s
58D6VqvfGiVvPkNQstmdUj,edm,2020s
0hrRcmdet5Ey4GqwnM0wBI,pop,2000s
4wmw8hgxfQcRJhFnTD8OGd,edm,2010s
1SwE3FURO4wYshsLRggtfv,rock,~2000
1yeHVJsVPN3ZskQ398be1E,rap,2000s
3rFgTFJVdDBCYiZt1zdoQ7,latin,2000s
1LDAh7QQnWvp3GJ9QDa1Pj,rock,~2000
7ddn2swf3epWYsTFKu4Lvx,rock,2000s
78bOURRHOm19pTFIh0yuEN,rock,~2000
62BoHRGSeDnRd4wMn2DUTp,rap,~2000
4m3gxoAguorjKhon1lclXI,rap,~2000
6DNtNfH8hXkqOX1sjqmI7p,pop,2010s
7zzZmpw8L66ZPjH1M6qmOs,rock,2000s
4LxIGAVfcQIw0zAQRyFhU8,r&b,~2000
0U5TPIPvd8iAWsQ48Vb2Dp,rap,2010s
0z4Ryh7Qg9jKOQXzkUZLVK,rap,~2000
3XdAzyVBwPctMDkFjKRlO7,rock,2000s
3UDXkdQquqCEAJdNAsA1wO,pop,2010s
6EnGa6zjRcG01Qhzw6tgzd,latin,2010s
5BtDhaG1ggRGBPvKi9eVUz,edm,2000s
1cTIkQUcWtwooj2rDcNB5n,rock,2000s
7deNOgcnSseExDbh0rKbeZ,edm,2010s
5q2JbCNi4FcnglgPfxcV65,latin,2010s
2XKA576OqiY4PTKpVTA9AC,r&b,~2000
3KhF2YiNpJvGpfiCW45R6D,rock,~2000
6lDo13SSgTv0WbyUQKgnjk,pop,2010s
2qdpQrNXOuGGGvFmbKGpZM,rock,~2000
3JVpozwCbw9CeB4UFhGeTR,rap,2020s
3NxjPAciuwddPmhuvR2xjO,edm,2010s
74SnZzNgU2GOh9Q0xIi4SS,latin,~2000
3uflqf2yN68tM08Jdbc4w9,edm,2010s
0zPlMUMeYe9GoqN8mzaFst,rock,~2000
0CU6uS2k8y0XquMVQdwmAQ,rap,~2000
6wo8yue6rY0pY2zmztMMCj,rock,~2000
0ZK8TGOsngrstVPsnrHbK1,rock,2010s
65D95SmygxGCQGiI64eaZf,rap,2000s
3KK9srDOhT2rGI9XXeaevw,rock,~2000
2WfNrjgXHbtAPnklXDc9y4,latin,2010s
0ltIbWognQFt70SBWi0VEh,latin,2000s
0Lv6BQbmnX7HKt9tEoXybs,pop,2000s
0EX00YpFv3ivweoG7T3j2n,r&b,~2000
5RfhUFcQBeonzqLRhU8gvK,rap,~2000
07q0QVgO56EorrSGHC48y3,rock,~2000
1b2V38zCkmm4ll7H1yDXN0,edm,2020s
0s6kLU7LZehOlr5M9fSOPC,edm,2010s
5F9Pe2Tg20NRi8N4cHHXUD,rock,2000s
23IK8TF2MSiLnuEjaYPfVV,rock,~2000
3M9WVp2rdXs4B6a2hzJQZZ,rock,2000s
2vA4zCYKpNYZWQfK92sT6N,pop,2010s
2NKRbRdRIcaGCXTq7xEpWV,latin,2000s
2NRQ80uXOLkfNMXsjuBOxB,rap,~2000
6EXl6ZF6rXm6qCsKeizJ1b,edm,2010s
6uYAPqxP69zfpCbsTHXgiz,r&b,2000s
5a9BgulCg84pm4kgwGGArI,pop,2000s
2ImuQo1g14CTR9hZAZD3aQ,rap,~2000
2Nzm9dtlzWHrYtbAt53NV8,r&b,~2000
4HPV5sINNKUn1YckHmukri,latin,2010s
3kgutGd839IOYRl6ekeq6V,r&b,2000s
10igKaIKsSB6ZnWxPxPvKO,rock,~2000
7lOCuVqblMUwmBrRWLhquh,edm,2020s
0d2YnyIPgmPQqNSzDg8s8Q,rock,2000s
5yY9lUy8nbvjM1Uyo1Uqoc,rap,2020s
3Il5pMKaV6gOwad9PwMhPv,pop,2010s
7v4qvJHhz314Fcq0sLmyvR,pop,2010s
1MnJW2FEQByou49YiMdrjr,r&b,2000s
51NBMjiv4t1nUiLC9Bim3G,edm,2010s
41RSRxdVqnSWlL9Glx95fG,edm,2010s
3Px934J0dBoCmpUhUuCQkD,r&b,2010s
64F0vO85TOINI2wItykfU0,r&b,~2000
45PxL9PEi3AogpOyegTts8,pop,~2000
33XDa2g8IJIXVp2cWOCUTJ,latin,2000s
67UNzOetFZaULIkGySWykO,latin,2010s
5x4Xj6R8aYqgj2mEZ5Xy1P,rap,2010s
7IBhpjoLxBO2oiNjny9ie4,rap,2000s
69ZZXDvtaftXr1vQULoYqB,rap,2000s
0WEv09ugUmm35vJ8mGDepn,pop,2000s
5bmV95JexNdjuQtOej5T0z,edm,2010s
5XsYwCgd9jteFDpWx57xSP,r&b,~2000
4pWHlV64Ni9epy7RrKjFus,rock,~2000
4e9eGQYsOiBcftrWXwsVco,rock,2000s
2m4AKjV0OBfSft7YYh8y5x,r&b,2000s
1jq28NGw6wdtFKx8MBPy6C,rock,2000s
0sf12qNH5qcw8qpgymFOqD,pop,2010s
2GVYPY8Sv7U7cJkDFu3Ft1,rock,2000s
1rzyMlUqq6MvTvzZYdB3C3,rock,~2000
4KxEJRXY977tTYIfHvL81N,rock,2020s
4DCHszO57DZHgvqalfoITR,latin,2000s
79xbVOzorykiNjTB6VV6zx,pop,2000s
4tEC9OF9Dpom0NhDTdbyUI,edm,2010s
4C9VvaZodMeykzNlr5KtCF,rap,~2000
1j4OXmXNhQRVtC53cSEtan,rock,~2000
10LWVafpsc00GjdXTQqITk,rock,~2000
2oZLGAJWR4DQINOTh9W9Zx,pop,2010s
4jqA7PWcuBJDYcXtB6QIiN,latin,2000s
21PXwOjWFh5XlwTia05t3p,rap,2020s
5pFmgdBYYVWFWgMi03jl69,rap,2010s
1Uqhs2YD4ghyiI73wDX5eb,rock,2010s
1kHxfbiZ6HOagkTTrWbICH,edm,2020s
6AgDFWLbbAt2migXMbrhXT,r&b,~2000
4jDmJ51x1o9NZB5Nxxc7gY,rock,~2000
7vNgFQlOb4cQMqBh67XkI5,rock,2000s
63ouCvRO1W9dpCl4D9Iotz,pop,2010s
24OzLwa2DqCSdMw2TIT6ZB,r&b,~2000
0XMeekgnEZDoieio8IysUS,edm,2010s
1mT47pKLXUwPYGwB91GcNz,latin,2010s
0zID6BkLLhlz6QTeHONlEs,rock,2010s
1pCOmSyhfCTFm6vdoeD4JD,r&b,~2000
0s5DNDV6LAKn2u2Ufa3VjQ,latin,2010s
7wBThXx7BGZHJJ3aN3OPvv,r&b,2000s
5Pm9uuEL0q6aXSRT3161UP,rock,2000s
4DhbiXEuV7JxSR0wuqetTa,rock,~2000
15HUMkMOJm48NL1GQURjM7,r&b,~2000
2ej6iCFQWQDD7c1DE4lmGq,rap,2010s
75n6R38rfp87ElycXr7OJq,rock,~2000
6sHsXIJoEN5JpdkGMQDJxt,r&b,~2000
3afeZ81GDy59tATovKyH6Z,r&b,2000s
79edhUCJIHerzdr8Tgclw7,rock,2020s
4r6jPijW3d5iV0eBFVccsa,r&b,~2000
43LEbsntZ2eKwp6tClYZQT,r&b,~2000
0IkKz2J93C94Ei4BvDop7P,latin,2010s
5u8yoJzasvOhdNDhsBtoje,r&b,2000s
60QoePs4iQCs2aCZm96ew2,edm,2010s
4Hqh0dS4x07zuRw6eBTO7p,r&b,2020s
116H0KvKr2Zl4RPuVBruDO,latin,2010s
4dA9hCQDGz9eloCRNacWfO,edm,2010s
62x93blgkWEz6Huop8eSQA,rap,2010s
6FAAnrcZvVczet411n5nle,rock,2000s
41h0zUSDUFrIMq4jf9CGM5,r&b,2000s
0rsRJOlDJxfNPNTEALa2t3,pop,2020s
02BbvlQc1tcJQ7idNrUQ74,latin,2010s
5Kjf7kWia6Ey8nRM4Mgj5l,r&b,2000s
1I5PbTAcWMqV66XR8B2vzK,rock,2000s
0QwZfbw26QeUoIy82Z2jYp,rock,~2000
4Zz6VnbuykOejSpGOahS4E,edm,2010s
5yaGDSfEvvmmLl4yJBIRa6,edm,2010s
592JiALLj5xL5Z6LuMmaOV,edm,2010s
7jGa11njc3FnVpO6QxGZKz,pop,2010s
4e9hUiLsN4mx61ARosFi7p,rock,~2000
0INWoq84kaWrJN1AxiOrtb,latin,2000s
0TK2YIli7K1leLovkQiNik,pop,2010s
3FtYbEfBqAlGO46NUDQSAt,pop,2000s
4ElX0PX2miGsMVsDJS2qqb,latin,2000s
3feSwo9dMR0sbvdPU02xbh,r&b,2010s
5vdp5UmvTsnMEMESIF2Ym7,rock,~2000
4HsL5A46wa0O2jQ0ngj3H7,rap,2010s
174UISK3l7VRbigEHxEev7,r&b,~2000
3rKvEszFkblVdDlUc3jlBk,latin,2020s
5wezdyzeY706PFC6pW0WvP,r&b,2000s
57XsqI2gTdJ3T5W3c9sWD8,rap,2000s
0tDSgSmZsbxCkdkfUPjg59,latin,2000s
1Y4cYXcmevXTHar02JP6nt,latin,2000s
7De6b4XLpncmtmhh0rztDh,pop,~2000
2DLfVnmabQqX3g3dnfvBe2,r&b,2000s
5L0KDoZklMgs9GPoonneEl,r&b,~2000
6FOpPA0a80RuBqqgDozvja,rock,2000s
4rwKn954sAK61ojiPVIxuP,r&b,2010s
546QTayX6j4GcZsfTRrVnL,edm,2000s
5ESovjf8cOPtYanYJ26gKy,rock,2000s
401Wpcw5VRjNOmsPpvKlfJ,rap,~2000
7y3rC6oY3Au1XGjdxT7Akn,rock,2000s
5wQ5swlftYnGTEVJEDwUvn,edm,2010s
37gqBnUAZe8BY8WR56kDNk,rap,2010s
3yEtuhGR8jOtusa29jWrhG,latin,2000s
2vNlq7qG3FPFBmuAc7kRng,latin,2010s
2hNwoBCLppnljA7HVvwZns,latin,2010s
4ai7fpzyfaGBlMX5kZGmYu,rap,2010s
7MJTU6jULOZPAdlu8SPAfo,rap,~2000
4hy4fb5D1KL50b3sng9cjw,rock,2000s
53HIIqV64NIKyyGllfKvzu,rap,2010s
0W2mz7mvaBaEsC4rmoRNPn,rap,~2000
0aZPhHp1DVNVS5HAWzpUsM,pop,~2000
2APxH5XbOLDTmW9X5yi6Hw,rock,~2000
64DAZ2XBuZevR3d0LfmayU,r&b,2010s
2HoDr1yVksl19omOhc1zWy,rap,2000s
6GtxQ89N2gGwzDNuLiWa8I,edm,2010s
5DUucTw6uLj4I3PvzykLKg,rap,2010s
5K5dQsYdSdo2LKdepxbYAd,rap,~2000
5m6XvmdzcWpUBRNYY4ZzrO,edm,2010s
7a014uMHF3nlqzXCxV551C,rock,~2000
68poZGRClFTzLdeRz9X0M2,r&b,2010s
1kFyVRbMT4JJynQgTFWKZj,rap,~2000
3E895HtTn6lB40SA0l9EkL,r&b,2010s
21iD8UKoYicaMmVISo6Pi4,latin,2000s
5XMRDVl28VdvfqL0IFIiss,rap,2010s
2lp8xjq0WTm3HZKHuDEweg,r&b,~2000
1rME1sbMT1519MjbLJrwc7,r&b,~2000
6ISuXA3UCPMtsyEUGUTAyn,rock,~2000
0TyJN9PfBK7lecIiMbjWWH,rap,2000s
1ODyPlxqhN8892ycF9CSyF,rock,2000s
021vQZqzIjzEaLSUvXHjcH,r&b,2020s
0elrWXwFQNxpmehJIH9kfO,edm,2010s
0vJ9I27nDA6PofOm83NH3s,edm,2010s
3QGcJyg8Ymnfa9U4bDkwxZ,r&b,~2000
3FUS56gKr9mVBmzvlnodlh,rock,~2000
6oFxDi9DDRDZJVTOU0ozLf,r&b,~2000
2nvC4i2aMo4CzRjRflysah,pop,2000s
0tBbt8CrmxbjRP0pueQkyU,pop,2010s
6pHCJmx9FXnMwEqB0LWUEH,latin,2000s
4pHRyFLUtG3zt4J7sNqnuB,r&b,2000s
2c1EGwagV1sT73NimGsqIh,pop,2010s
1AHR24HYoVVCTHC5bujra6,r&b,2010s
3E4miyUPbCkdMoPGnJaPmv,r&b,2010s
5LN1B9uVAVleCZ2euGarvi,rap,~2000
3vlOANhOOpJxiCWUzq4DnK,rap,2010s
2PyuytS9WHUXcqzR1lJYV0,latin,2010s
2Vim06YsRb4uJRpbeq6NR6,rock,~2000
7dEaRbHa20D14l1w55MOnk,rap,2010s
3cphb8kdsjElYR7r5icK3H,pop,2010s
3TLwAp3uX1nKsVxrDhNPOL,rap,2010s
07K9jPEoVsqoEopODxiAUs,rock,2010s
0xORFaXxl07BtES8IAJ7OD,pop,2020s
7rWLRWfPsUzU6h7r71vlOM,r&b,2000s
1qP7KmHJbzvV8KsFPhW8wY,rock,~2000
4jyT77UqVTx5vbP6VYV46v,rap,2020s
1eBWD3ra0HeWRhPYuBf317,r&b,2000s
33ZXjLCpiINn8eQIDYEPTD,rap,~2000
2RCUr24WkEe2r5Vv4oDKlN,pop,2010s
5Qld1ZZVE1UaweNLvAVTYp,rap,2010s
7hDVN6GisA47ym0H93NA1Z,pop,~2000
6gXrEUzibufX9xYPk3HD5p,rock,~2000
3yIPfuhFC9D2HF1OTWmonV,latin,2000s
7bIQeY33PkduZRmR3h9BIY,rock,~2000
3eMVOlY4PqhG4e9K4epxbn,rap,~2000
5QHLHBmGDW999nMelytjUA,rap,2000s
64HCsmzpvUpSTM4mNAOR5S,rock,2000s
1Q1b8eVkUPGlpSArl8JAVw,rock,~2000
5QiTs0egWAq0k2O8HWKoEP,r&b,2000s
2717O30PeUJbOVX7N0AaDJ,edm,2010s
66MsAs4nVj68t6va1lygIm,rap,2000s
4joRJ9BbN4S3PxvCehX73Y,latin,2010s
7dNwJbsT0sg1le5kVugGJb,rap,2010s
3Pk6O7DndRfH1q6UFsCaWm,rap,2010s
4punHldq7Jfx0Plu7SdjQ0,latin,2020s
5IFJ7QvhzJxdPsM0THX87y,r&b,2000s
2iqnTmYyY7e0SanovNvw0I,rap,2000s
3xhXKRGahWzcXF8rD5gUvd,r&b,~2000
3okPiJwW5nCLpug12sCL4p,rock,~2000
7BooBD8k8ABLTFLzgxcT5G,pop,2010s
72nGzwUlz5ZweJraEQG00a,edm,2020s
638OrV0KtFGrxvLoAUvxCY,rock,~2000
19VTqucnxJuH6kilNdweTh,rap,2000s
4hrae8atte6cRlSC9a7VCO,r&b,2000s
16P1PlyrHWjWKMHWQtDuDc,edm,2010s
6xUIYXggvw3nwo6MWYZk67,r&b,2000s
3c4bJL7mARZvd387847GsC,rock,2000s
64yBYBrJLWlGqDlGGHCfAL,r&b,~2000
5ScnlX18hRpXLKDsjk0jt1,edm,2010s
6SG6Tf9em9kbueirgail0n,edm,2020s
423hwXFgoN8RYmqLoLuVvY,rock,~2000
6NpzkIYecTgirnDViWoisp,pop,2000s
17Pea9QvHpcISu7gg5TiDJ,rap,2010s
0HOqINudNgQFpg1le5Hnqe,rap,~2000
0l3GEbH3CviUytD6iX4wzg,r&b,2000s
2YIeE3ClUqkonhOViNHbGq,rock,~2000
2Dr76N76UX0xtZoLvwe3WY,rap,2000s
6so3XYH1yyeWFGskbQvDjQ,rap,2000s
7CHi4DtfK4heMlQaudCuHK,edm,2010s
3FtYbEfBqAlGO46NUDQSAt,rock,2000s
10xadaGYk2aXuMjpvwSmo7,rap,2000s
40UbcJWyWPqOWFvv4Dpvfc,edm,2010s
6vWEAOUSxohKxhp0K1BsxL,rap,2010s
4P0EVqfv3bAlghLra4ueOv,latin,~2000
7mo7U4LHQxAHxnvKVpb3nH,pop,2020s
3LNDqfz94lY7uGifx8HQXt,rap,2020s
4gB61mP4tNChn4LgfquMhi,pop,2010s
381g0b6QZxC13SzA2HRMIc,pop,2010s
7hdOchAKFm6FwzyevcQ56y,rap,~2000
7k6ntkoyptAT1c665S5LMj,rock,2000s
7uE5g6xnf80YRfavpReowD,rap,2000s
2JWeI3Vs2SwdLch4nZzAN7,r&b,2000s
798z16wkkz6CNMCPhOdBpe,edm,2010s
3IU7kPq7nceGAePo1hY2Ta,edm,2010s
70zg99pT51vB4wlMS7e4q7,latin,2020s
0S1lconF5qUvqUrovZDmSA,pop,2020s
3fj1n4HME7WJZSbJUBoC7b,edm,2010s
1xRCGC0OUcavUYX6T4oDqH,latin,~2000
4De9grPWp74WguGnlhepOL,rock,~2000
0TCRMLcilbYgj1Gb016JbJ,r&b,2010s
1b5SISCI3nhthZFcVSLgIF,r&b,~2000
5SaXgo5XteGjNWOUGKzwfA,rap,2010s
7qeWNGBqqagdwf4KnjRzGZ,rap,2020s
7G3lxTsMfSx4yarMkfgnTC,r&b,~2000
6urCAbunOQI4bLhmGpX7iS,rock,~2000
7nfGP5B3Pc508kEb6zL6r9,rock,~2000
4lDYedHtcFwkMTVwpdSRUN,rap,2010s
7q8BhxU2ZpUlXqmEy6nKFb,rap,2010s
7foHBs2UUa9YX4UWQlOfiC,rap,~2000
3ibroeR6Dw9wsE8lPWJJG0,edm,2010s
2sRhe52xJklfzRIe0K6puw,latin,2010s
0vnzk4L0JyMODSqLp3pHwo,latin,2000s
2vVW17crZs4KInids0h9SE,rock,2000s
5PNbUaIYAbm7clBZeU7oeQ,r&b,2010s
4v23f4oo8oqlBfVMQgj8qa,latin,2000s
5PQmSHzWnlgG4EBuIqjac2,rap,~2000
68wQyJJHCqzpP4qygn3qn7,pop,2010s
6AUqARfZa8MRwjE820gZ9A,latin,2000s
5I2Zw1tJXoswUSnKkJSuwX,r&b,2000s
3MZLSpFK8nNhkNDlJXwLEU,edm,2010s
72V3zdMD3x7CxNhtN7xYX5,r&b,2000s
0bbw6Es6hgs9ybUisecefK,pop,2010s
6GlDfTScLM2wxG7r2LUUCT,rap,~2000
4Ghq7XXreyLUJmmRBGlbbw,latin,~2000
0NSeXLBOh16zjbENkAu0P6,rock,~2000
6cr6UDpkjEaMQ80OjWqEBQ,rock,~2000
41knNw2OhgF9gouyy1squL,rap,2020s
5hIljtQ1fRvDRc1aHdhwWK,r&b,~2000
3EYTVekyY04eqdoi2iGlgJ,latin,~2000
52Jf8rOBta15wNrkOg0tg0,pop,2010s
4dmgawH7YVY663GxxjEIwC,pop,2010s
5czkBkWogUvTf2jleGyHaQ,latin,2000s
087B7ONFOiKkkMVmg83md0,pop,2010s
7LzouaWGFCy4tkXDOOnEyM,r&b,2010s
2TFi29E9X6MPc05Vyfzout,rock,~2000
1pOIpxfrQ8AszXZdKR3aH3,rap,~2000
4090PyjhaukeGh0c93jh1Y,rock,~2000
4RDKdzgdnlBcpJ1SJoXbG8,rock,~2000
6U2NuJILEOEpW2tVCuqKHb,latin,2010s
11Tfxz9hfGSoc9Mv3egU3B,rap,2000s
4tzStSrQFCWoNU82ozFBhs,rap,2000s
4Eq60oypgAxlX6Kp7MFQl6,r&b,2000s
0umQQTb1wwU3slaGJ08Y6j,rock,2000s
4mNOezZPgOhiVLf0T3U2H2,latin,2010s
23WgvD1nf7ZW4ehljudfbi,edm,2010s
6NxsCnLeLd8Ai1TrgGxzIx,rock,~2000
5dlfvkyZOuBCFP1KbzRHUx,r&b,2000s
17SLKNcZHfggqIkVHD08e5,r&b,2000s
1ixeHnO23pDi2A0AWBWmKh,rock,2000s
0GfS3y8Jd7SHWd9R51s7Fo,edm,2010s
2k4c9ZAlIYHyXiJ4i20FO7,pop,2010s
3rMsX63C0IZVnOT5LGYoTH,latin,2000s
3ZTA6cOCUQl1m5yIKmpIES,edm,2010s
1xNGSFxSsGY1uS0D0c4KxT,edm,2010s
38rSSynmRf2kxslXKS50u8,pop,2010s
1TkdFLhO4yRxwcqOjvT6MO,rap,2000s
5prTs2HAw2G4idHZyeFp8o,rock,~2000
0ygHFKdqHqikl2mOFtGeRQ,rock,2000s
3jGnPHFrBCTdtEXbfweXgH,rap,2000s
59oP06RoBps6bvbvSQ1Zee,rap,2010s
37gl0hLcFHMVKCLe9gn36a,edm,2010s
1Kgyx7NLtzsa3gWV1efGHu,latin,2000s
5tB05uMCDMwIfZ81siwX6t,edm,2010s
5sICkBXVmaCQk5aISGR3x1,rock,~2000
0EwaWLbMW0Tq84YVFNxNsd,r&b,~2000
5IKLwqBQG6KU6MP2zP80Nu,latin,~2000
20LxTsa6936zOlzTWqoPVt,rap,~2000
7eSDRPSjYBOcqB7b6Ord6X,r&b,~2000
5CQ6McE86ztNSOhQwRwgSf,pop,2010s
0hiFoxxMg36FoPIdmiAyfX,pop,2010s
0qxRmtTovuLU4VBz5y4DsJ,pop,2010s
720dTtTyYAD9TKSAd9lwrt,rap,2000s
6uUSmhfdiOR7gYeTN430kA,latin,2010s
7IWTIkiWGWNQyYfOLdMrGD,edm,2010s
176kpV6izJDVUwkG7GSurq,rock,2020s
6K8FeFOouLIapUrISpSaI6,pop,2010s
4TNWgANrFMzz9qfPlBNopm,edm,2010s
7DoNtK2gVFRwJh0hkHe5wQ,pop,2010s
3XmpCkuHAHIKIJ5ZxGY20j,pop,2000s
5PXvw5Snn4kVo7vyYHjUpC,r&b,~2000
7H6ev70Weq6DdpZyyTmUXk,r&b,~2000
7iaw359G2XT14uTfV9feip,rap,2010s
0ss3ny5ZmAYMpTWJDLgnV8,rock,2000s
7s2iAmlI372KGVopcqetU8,r&b,~2000
1J7tWscDLyZmaKu4TYr069,edm,2010s
3KfnUFbnolYR4NuCaf0NnI,rap,2000s
3XEUVgaBwMQx5zMwS4cDO0,rap,2010s
0CtkjgZpkgnW7U6WmHsakD,rap,2000s
0Ac7MrpcCf0Qj1r8fPHxqi,r&b,2000s
2pfJsufl4kJ0kMT5C1nlwj,rap,2000s
4IU1RL4BKvFyXtbTwaHAvW,rock,~2000
1pOIpxfrQ8AszXZdKR3aH3,rap,~2000
57Xjny5yNzAcsxnusKmAfA,rock,2000s
6q9CRTF8dyABIcKj7bCJwf,rock,~2000
6I9VzXrHxO9rA9A5euc8Ak,pop,2000s
1iQi4lFpgIPTMeGXlQqZKk,rap,2000s
7rNzap95cCcOafjFtofpBk,rock,~2000
1co9HQhp1tMkH3OEkb3vXV,latin,~2000
41bdgBL7tjwQOl7RpwubKU,pop,~2000
5sc7wXrjQWsg1H9LGI4RaG,pop,2010s
3mayeyaPg5DQGBa78LJM59,rock,~2000
5DV8yoddFyjLVfRT6pfAht,rap,2010s
18WHd7xm12Pz0rU6LSMJog,rock,2000s
1RPhSs2lDYKjDsELKtPvQd,rap,2000s
6W4Jtd1piDOPh05jlFGPN4,latin,2010s
4G8gkOterJn0Ywt6uhqbhp,latin,2010s
1tMZpzeGkj5C0tKSnO2lrG,rock,~2000
7hQU6NBqo3cpIH0SHjDrQS,edm,2010s
75wP08AtMfGfjk0nPdvVw3,rock,2000s
1SveOxUxAxhrCWBhdfbjQu,latin,2010s
0Ow2s49u3akTmiLDmb1GU0,r&b,~2000
7x7kYJwduClF3I0ozJpNsZ,r&b,~2000
7utoClKnLShFg6u6dZ20gp,rock,2000s
7oYouEGAQJpU75CAWFEMi2,latin,2000s
3Ko8zjBg7VtcPTVnd5awJM,r&b,2010s
0Qp1IH1EkRCNabfgzxNMUT,edm,2010s
0d28khcov6AiegSCpG5TuT,rock,2000s
5JjRW0BF47MQF9Z4szcQ03,latin,2020s
6YnUxW8CtOnI6mp3oh61Gr,rock,2000s
3EaMErOuOXE1YZ4xyTW4cp,edm,2000s
2lWfuwRnN6aSk50TPx6eCk,rock,2000s
0OBwxFLu6Yj61s2OagYbgY,rock,~2000
0rceuwdoOmzDr90MuN1vxz,rap,2000s
3Of5Vvox7DstYj6oET5b2h,rap,2000s
5G5IX0zeEIYhHKe71Zecx6,pop,2010s
2MfOcbtgz2yTsiznFmVZUN,pop,2000s
1YrHyDbH17btvI2rFTkbCQ,rap,2000s
5Va44ERiHtC2tfBD53OApA,latin,2010s
3XG801WWhqC753dekEBkMt,r&b,~2000
3remNAnjEnr4QukFZJyMX6,rap,2010s
0oeF5V2gTRUnAdG7BtaABA,latin,2020s
3fNuYHHay5uUISA3fePcTH,pop,2020s
6JI5wNWYdBw68GZjOMmgK5,rap,~2000
6KoK723c5pmYKiHvH69JDr,rap,2000s
4JehYebiI9JE8sR8MisGVb,r&b,2000s
0EWT5JnKOf6saRn4ASff3j,r&b,~2000
7fgqezDkkq9WWg1KhtyyBL,rock,2000s
1RSy7B2vfPi84N80QJ6frX,rock,2000s
3UygY7qW2cvG9Llkay6i1i,rock,2000s
0GQuzKlkH0otZ01oMFzsSu,rock,~2000
7nnpU2iHbi2k23GNPJMKUM,pop,2020s
6kwAbEjseqBob48jCus7Sz,edm,2010s
6NHgiZFCnfDzDhOD02GcnR,latin,~2000
1IWzfq3sLedGQ3fb2hAMBA,pop,~2000
1dVbC0XoM4VxpDkrv1tcjf,edm,2020s
4WehxcnPTxouLdfQhqANb3,pop,2000s
3BASVV5qZWarRhl9IhAiA7,pop,2010s
6x53SJOV1PAZ8ZUwH4NFXQ,r&b,~2000
1HxL3DniLhRd8Qy9ENVRr7,pop,2010s
1lGKVCGOgKSiDJbnvNUMyU,rap,2010s
3TIJkJgwWSAXb8zyOV6q5a,pop,2000s
4BZdQn690mETPLKmNDhbGi,rock,~2000
1RqAQdolASl7InSLH8dEbr,edm,2010s
4r5s340LOiyEZTqNJglbzH,pop,2010s
7DpuczUR3nNFkMfMyRqoNx,rap,2010s
3zaXjodcrXLPj6Z8Wm3txR,r&b,~2000
2UrAeVF1jqprpG9mWisUH1,r&b,2000s
30DsuDsNq26rCn30NNzoH6,edm,2010s
6cCvSU7rUJtkaEZ19p0Mzu,latin,2000s
30MFmjElHOCOhfu6q48Wtv,rap,~2000
1WMKmnOvZYouMzaeEDxYUu,rap,2000s
12k0ULCKBLP1CpscxX1Y4w,rap,2000s
1KfrcxnOLyDhd3p4hGrhVe,latin,2010s
6qspW4YKycviDFjHBOaqUY,r&b,~2000
7LVHVU3tWfcxj5aiPFEW4Q,pop,2000s
2MT38CFvDK7qQjLMixkNoP,pop,~2000
3HPOsgVwY8AWsh1jsceqOI,r&b,2010s
2b6pyyrxfP79LhV2hLtTm4,rock,2000s
12CL6TcFKzLTuAsLmCNS9h,r&b,2020s
6bxsXIuyIeXKD4wu1O6srQ,latin,2000s
5l6WYGy3di3k8V5QlBMvJ1,r&b,2000s
08IIDDeGMsbKnkSHTVX9Cj,r&b,~2000
7vgIM49wiRCUMxUR2DRs9O,rap,2000s
16rClbxgQaEFGLdkOBuy0c,latin,2000s
3Uo9e1WaAuk4CEcSWIKxuj,rap,2000s
3lcC9CnN7Rpo1ugATzmYjY,rap,2000s
0LKErfBZ5FbBiLB4OcZRbL,latin,2010s
7yle4EK9gfIin6lQsAjCL9,rap,2010s
0WnVjkW8k8Zo37JAI7K8zF,rock,~2000
2Cz3yDcBoePfcJCYdpYZCC,rap,2010s
289MmJCmxYMxC54ZHcd9G0,rap,2000s
6kGN5iQE2LjfYMcMbQKNJ7,edm,2000s
6enXeBnLnyjfweN6VWcIoh,r&b,~2000
2iObjOsy2vpsariW4Y7hQg,rap,2020s
6BxiFSFVzviEqe2eIaruLV,r&b,~2000
5kz9GDBTX846OXwqWoyKzF,rock,~2000
7Ec9qiOemgoYl73dQcCsNH,pop,2010s
1mURjUWWe3tYtxP3WwRyS5,r&b,~2000
1tS3YIyOAczsBzjub9PrZj,rock,2020s
7Jwe4iWB1G6c7TE7fRedrm,edm,2010s
6mwA6YiKDjAUG8kWvRRUPh,r&b,~2000
4FP0feSGbkdt7DfT6YTM69,pop,2000s
7tNZ7fwqMXv2e00V5f0H6v,edm,2000s
03MG0l3WB6a9dJkXqnhGl8,latin,2010s
03TXYSSiqqXMF5EoGHxUta,edm,2010s
2eMxI1qN0ft88sasJrARw3,rock,2000s
63uR29DnkNPUiorL30cHnj,r&b,~2000
5Y0E3dOeynKuLDAXu0t0Bg,r&b,2000s
0mwXfPCm4AMaz9J0Cn7FXJ,rap,2010s
3qaSqrrevBrb84xl5JlptU,rock,2000s
7G7tgVYORlDuVprcYHuFJh,rock,~2000
5NsLK0aBlbNVxHzh2TGUGo,rap,2010s
19ISEtEat3oefNy4yVFLFK,edm,2010s
5uvosCdMlFdTXhoazkTI5R,rock,~2000
7lNu1RqPMLjLBqBf913Qda,rap,2020s
65NTcXUtOb27NHKQ4fAcw0,rock,~2000
4rVvheUQ2wQpn5uXX5l0gS,rock,~2000
4m4cwzmJJdD3gg3d8OT68r,r&b,2010s
4lyjlRP5xoJKsMqwiz7558,r&b,2000s
21Inw73u4UXeKZpdjYNvZz,pop,2010s
1D7FQQfKf4o3Xd2QTm1441,rap,2010s
5gHilmBlJtaac5t0iK3Weu,latin,2000s
57i3M29DWoo7RDk0Tf0LZG,pop,2000s
1UREw2MCfU0xwBzCAjxlUD,rock,2000s
2fXtvX2qWh6CsUdKtaqddt,edm,2010s
1hKdDCpiI9mqz1jVHRKG0E,rock,~2000
6DlsyQu6NCdRaJvCk16A98,latin,2010s
2e9EZ2V5QGGZPMJacO3y0Y,rap,2010s
5XcZRgJv3zMhTqCyESjQrF,rock,~2000
32UioUCnMFsr2UN7SvDyXj,r&b,2000s
1cM25iyn6zKOfnywTNtvyb,latin,2000s
3cfOd4CMv2snFaKAnMdnvK,rock,~2000
5D9ZeU2cczxUtzRDTpqLQZ,rap,2020s
3dUWDwfw7c1no8AL37PIJZ,latin,2010s
2lxz1P0ECfkjVMb5uOAYSN,edm,2010s
2OeSwSbwlmn9u8SsutfxPO,r&b,2000s
1M2hRrYg3dyf6QTbjBX3vM,edm,2010s
19OnJPfQM12cSK8byhmk1F,latin,2010s
5QGcPVSJ8FD8eicZvMcNcG,rock,~2000
0TaT50ZZxT4ytZxuqkE3A9,rock,~2000
0fQuzbQNLcD1ofo7B2NcFI,rock,2010s
3dTmgecC7MCMbteWjf8Ls7,edm,2010s
7nnWIPM5hwE3DaUBkvOIpy,rock,~2000
2aQvJuqjeJFOPHinHNm4mI,rock,~2000
07efOAoPwcRdd4W6gi8BRF,r&b,2000s
6Dy9ADyJYhwUT2wVqBRqBD,latin,2000s
1emxi7e5EWFsJmwSKTuUDH,r&b,2000s
2ezqQeBiC72gwMJoO4w1hA,r&b,~2000
5bmS5SJDhaPfT03jMjiv2F,rock,2010s
4j2Z0fivH9kDUhqG69Z3Aa,pop,2000s
6FzYhrPQqISyxCTttPfid1,r&b,2010s
5hxQjeuA2LfTtJ4WiJ0Ec9,edm,2010s
1MTMedlCphum6mRcd8YzvE,rock,2010s
48G3g0cNjZZLwRTTcBbc1u,edm,2010s
73u9bIUEaSBI2l7xXETSNt,pop,2010s
08j39t4KwPnn0Ak7Axd1bV,edm,2000s
02yLzMazdCqRGUDcW1cbxC,edm,2000s
4GNCf7mGb5NmZPx4NbHO9h,edm,2010s
7smCjIc7MoUM4ay55LQrdu,pop,2000s
6zMUIb4uce1CzpbjR3vMdN,r&b,2000s
3mN2DtljBhnrIpc3Nu2pJ8,pop,2010s
3hRwcwpkOenKHjOsyIwTxf,r&b,2000s
6m59VvDUi0UQsB2eZ9wVbH,r&b,~2000
1hsPZY6oWcPfFPqDEQmMaW,pop,2010s
0Ko737UNjXO17LK4Urdlwo,rock,~2000
4gMqB8Vs2NvA3usbZoPgdv,rap,~2000
5XWaXNh3jEy29P1S7Ug1v5,r&b,2010s
7yws3pF3FFguwT2Psi6c15,latin,2000s
1JYfHi3cPAR8983cL45bLp,latin,2000s
3SVAN3BRByDmHOhKyIDxfC,rock,~2000
2jCKumLNhm0y8DLYRM0XLB,latin,2000s
2PzU4IB8Dr6mxV3lHuaG34,rock,~2000
60f9lgHK7keGA3b84L0d4l,r&b,2000s
2hb2C7LOzkXRHbz4d1NapC,r&b,~2000
5gO27f0383F5AmJoLOkN3N,pop,2010s
3QZgmLxDNni6OK6585IH6S,rap,2000s
5GUYJTQap5F3RDQiCOJhrS,r&b,2010s
7lQWRAjyhTpCWFC0jmclT4,pop,~2000
4BsX3Li27mT1QBN0eTRKEK,r&b,2000s
41U86awdgg7CKQUA4twR68,r&b,2000s
03qLoMUX19sxaOwvLcKhJG,r&b,2010s
7CpbhqKUedOIrcvc94p60Y,rock,2000s
36MAwMm94K15Zrc2DrSxGE,r&b,~2000
4pdLZsxq0y5oJDb6Cxlokw,latin,~2000
7kzKAuUzOITUauHAhoMoxA,rock,2000s
5nE8cbCDUX2mA2np9smrSH,r&b,2010s
2jsbLRAHKu0FCZcbySednM,r&b,~2000
6klLvorLoo1sxvZcjJIY8I,r&b,2010s
50r1EUDpmSZRPo5aIZpmWi,latin,2010s
305WCRhhS10XUcH6AEwZk6,rock,2000s
5QXQy0f2q8wJNpPwJtjifx,latin,2010s
1QMAfFKLQKGAU5nnOhcmaX,edm,2010s
6xhEQmrVvtpEdw5mfySgJw,rock,~2000
4jw4BotdO2WfbF0U1J7mXc,r&b,~2000
7rn94fZKrOwHunAgWtvJUs,pop,2010s
5irqG4XOzMFGzG5ZnXFAZP,edm,2010s
6YvIfawv3lpWKbezzrdFz2,rock,~2000
1GtVGc1UYin3zpMUdNSSpM,rap,2010s
5TwHsJUggwl7XFDv23ihSq,rock,2000s
0DgOmXeyDY7mMqcjelEqse,pop,2000s
4omLxn4XuiHhpwTpO9Yj68,rock,~2000
2eknDuc5IeulN0hnwEZsjF,latin,~2000
7l3E7lcozEodtVsSTCkcaA,rap,2010s
0vnzk4L0JyMODSqLp3pHwo,latin,2000s
6MvGg9X7lIt64WW28Nxfxo,rock,2000s
2LawezPeJhN4AWuSB0GtAU,rock,~2000
6x4tKaOzfNJpEJHySoiJcs,latin,~2000
2aR6SYRJxy2QsBxA459ATF,r&b,2010s
4CdH04HcZHMBLtDULDHFfe,rap,2000s
4lhe5Iy0XVRoySNQYMvP1l,latin,2010s
5ZdzNVOmCSp5HFLk0EgvJS,rock,2000s
4JehYebiI9JE8sR8MisGVb,pop,2000s
6VixoRqnikN4QqegoKUSbH,rap,2000s
6CQaVuICm1WVXyy3SZ5jEI,r&b,2000s
7C1trmcQQ5n5RNy4l6ziCv,pop,2020s
6V1bLBjSgfpRfzYHiWvg3B,rock,~2000
5gub2bpJRgJP4m4MliqtdV,rap,2010s
6BDzQttUdcszjA8Fxqo1zQ,r&b,~2000
0arItEjl5jRh5FE7zyrv4A,latin,2000s
0LcnZnhSQsoa9Dc51tj3wa,latin,2000s
3upCmUgdchN3u0vkedbC5S,r&b,~2000
1O34fFJyV7djSqRtOuRSVh,latin,2010s
59xyRqG06dGbTmmJFVFbyQ,rap,2000s
4J82lONPEFQ0P9rnkUahI3,edm,2010s
7At7pljkrkgjwy0utWu2xx,edm,2020s
3J58Ccc5iTbCRnYx2xjo6d,rock,~2000
7offICpl9kla5kC61uUAs9,edm,2020s
4OWqV0YrzAJhsMvVdBB3a1,latin,2000s
7kQkmyoHCEqwe7QwDbkSXM,pop,2010s
1DvFERTMTHRpLw2hKiqz3h,r&b,~2000
36orMWv2PgvnzXsd5CJ0yL,pop,2010s
0NWPxcsf5vdjdiFUI8NgkP,rock,~2000
4muAGMNipTEtIoYfMa9QL0,r&b,2010s
0k5YE4nhWJdgzhyTv0YPHP,pop,2010s
6Ozh9Ok6h4Oi1wUSLtBseN,r&b,2010s
3LueS3mbuB1yaJNN0Ale6U,r&b,2010s
5j9iuo3tMmQIfnEEQOOjxh,pop,2010s
5Ddu4AaN1VaZ1MTg1neCl7,r&b,~2000
2GyiPfu3exRASKLKZ8p6FB,rap,2000s
09oZ9eXQ2fo6YDrPzJqAoP,r&b,2010s
5MFAwpOy6NHboIXFCsKiTF,latin,2010s
3P7qStX3ECFOLfjrXuLzbc,pop,2010s
3iRMZq3iIaIBW5bH4VgWtM,latin,2000s
5t3FYiaVQ9c5wqt9RwQDFQ,rap,~2000
6mwA6YiKDjAUG8kWvRRUPh,r&b,~2000
3MnwLa9KRUiv2gNFtWPvib,rap,~2000
52IWmLOUfIW2a8dHnMW0Gt,rap,2010s
4QlzkaRHtU8gAdwqjWmO8n,rock,~2000
799azdZNV34Z1w8CQ1z9ds,rock,2000s
3eUsSFWf6Aq5oCK9lTI4Q8,r&b,~2000
3vQQ6sNWRLfWXrnL04bIe0,r&b,2000s
4c5rHzLbUDJZ2mOdr01ciM,edm,2010s
6Uw77XfBxwg7VX6mMdqAmT,rap,2020s
2RNd6VgxG19db0zs0M1C4Z,rock,~2000
0W8NvcMsIuygeFnfNz2KnC,latin,2010s
1Mx8KJepMb2IwZyE4dYGme,rap,2000s
3zCg6CUmhxHukbUs0nd7ar,latin,~2000
70SvleFZgN8XM1vCMh68QC,latin,2010s
4R7kumtHnf5SsKyPYrVO5r,rock,~2000
7Hjr124CfhS8HYAHJitVO4,pop,2010s
5MYFw4T2gy52pOGBN4EYHS,rap,2000s
4iboX8xYIzgfe7LB5N6DEa,pop,~2000
23mnIH4CZemgZgkyb0W1cC,r&b,2000s
4ANjm2hzxA154u1slPxyeM,rap,~2000
0es33Xx9LmJoIPwlezBCmJ,rock,~2000
43ncKp8gVEEKQ0HM9XI8pw,rock,2000s
0cp2XLX31L5CGEZDlD6tzJ,edm,2010s
3zIWKwDZU8loj68URlEQAf,rap,2000s
4UZlEcQmkAeh4mYokk8TNs,r&b,~2000
1DBtVHYl2lwLQswEUvkIEv,r&b,2000s
25Jkn7pfe0wQkWLxRkgW6i,edm,2010s
7FjZU7XFs7P9jHI9Z0yRhK,pop,2010s
4urxRqBRiaH0i20OKBsgxc,rock,2000s
3qg3xTiFPdUgyUOcpoaAHU,rock,2010s
0S5Ho90thU4mAxMW8ZItbq,r&b,2000s
2RZuubseYpBLHdUZy2OiMk,r&b,2010s
3w2GGz0HjIu9OcWXINRFJR,rock,~2000
5dewQ7ojISR32NAYNHFYWC,pop,2010s
0DW5anNzTO7h0OlKqFsVQ6,rap,2000s
4phHbFt0h1NRXIgMNM8t0Q,latin,2000s
60rXUfCB6dAErFNNzfUs0J,edm,2010s
43A8FeaAetF2Imc28DX29I,pop,2010s
1FBxSnAunQPxop3eTeOmE4,rap,~2000
3xVC56rIYsxy1bMuf5ijpA,pop,2010s
7MyLZa5CPNFFfpqDXkZZmW,pop,2010s
57GgptBE1aWcVn83dWVjU1,rock,~2000
7hzWjHAnpzmR27WC3eCufG,r&b,2020s
2mehHNForRahnPueLQAgfv,rap,~2000
0xJLcjd0gaZct43xG1UlXS,rock,2000s
4c9WmjVlQMr0s1IjbYO52Z,rock,2010s
25hwApAUAwTmsJgVFzwuy0,edm,2010s
63peVCtLTPd0aM9x5j97sB,rock,2000s
39Gb80bu5xF0rQtAxTxUS1,latin,2010s
25P3eWNVZWofL0nXhMyDwj,pop,2010s
6VcyvtPgCTDJcay6h31cji,r&b,2000s
631W6GfTqgZ0YAeoICDcLf,rock,~2000
7fkbO9RJWW0zQAtXBu5ixb,rap,2000s
6rQYJeJ7taRNMeXQVP3U5d,edm,2010s
6bKuIK89XZFe5fwW8whUlK,rock,~2000
1z3ugFmUKoCzGsI6jdY4Ci,pop,2000s
2vt2BP6sUL880eCECrheOm,edm,2010s
72LFgoXC3a1sOKZM7jUeTJ,edm,2010s
3jEBoIiTgxffp0ilDu7CpI,r&b,2000s
0t6u4mHewKI5Ktl6Fo0dH1,r&b,~2000
2WNP92cnREKAU4PmzwfKvf,rock,~2000
4B9lC39ZaRFEku3aneRmAE,rock,2000s
6FMcZqnhQD6tTzdpeNOp89,r&b,2000s
6cFZ4PLC19taNlpl9pbGMf,rock,~2000
36TvWO91cTW7IdDaKZtuCQ,rock,~2000
5IrEe05SfQknNhmAgCYbVI,rap,2010s
2Pp1ZQ4Wt8bm7UmYVAvwPO,pop,~2000
2L82XvyoCvUgePuljcA00o,r&b,2000s
5DuTNKFEjJIySAyJH1yNDU,rap,~2000
2sz2I6oIk9BqC4Ow7KbdGY,latin,2000s
5K80qDIi8z8nfgiSGsQap0,r&b,~2000
6b9eQGMWwf7Du1cadR3a8c,pop,2010s
1cnA8Zf6McVyoWTr8xf0Ml,rock,~2000
5zlwdlqDZ1cIr53ufIGBGh,r&b,~2000
0SiywuOBRcynK0uKGWdCnn,pop,2000s
2adTfABiJJQpZWlujYO3Qo,pop,2010s
7d370xeaJldl9wZ6QnL3zs,edm,2010s
7oLPStzymWKxwHlCUkAwNm,rock,~2000
7d40MrlRZ750AMf0J76uZT,edm,2010s
26FJA5apYWeehOGnZdUPob,rock,~2000
2PwwiKJYMYbuWh7j5yAbwT,rock,2000s
16Cs9KsHzgunxaEfGrXysG,pop,2010s
4Nu8sEejt46770gDUvFcrF,edm,2010s
5YT6EzwPldMABUP2C2mAAz,rap,2000s
122nU5ENr0Y3CX22FvlKi4,r&b,2010s
7ptv3yXdBWwzO7rVA62rwy,rock,~2000
52Unz8y3t5z69XQ7mudzSt,latin,~2000
325ipyWkzIGakH2DJgDlOT,rock,~2000
0KDhCCh1IAWcfiq458anNn,rap,2000s
0Ha2AZQ1cHCxycIpmLyKeg,rap,2010s
1YC6QGUV2IppNyNJHjr29n,r&b,2000s
69S82K7PwFBFYB0DDpJflE,r&b,~2000
4qSsjDGXplb6422X2INvFW,pop,2010s
78xQAmZvT0rLAqGEMSu1ZL,latin,2020s
57Py9BTgsrGScQIXqbiaaT,rap,~2000
059bcIhyc2SBwm6sw2AZzd,latin,2010s
1xKQbqQtQWrtQS47fUJBtl,rock,~2000
6HSXNV0b4M4cLJ7ljgVVeh,rock,~2000
3MjUtNVVq3C8Fn0MP3zhXa,pop,~2000
3FmAUR4SPWa3P1KyDf21Fu,rock,~2000
7tyCCjJJ28l8QVZ72URf8h,pop,2020s
20Zj7TB00BDSp7KLUJaEvU,latin,2000s
4sYpT6DUbqdeDiyzHFaW85,r&b,2000s
0Clwo8t8LxxExXDJ7AqeVg,r&b,2000s
7rKCxh1LEubDSotIwPA75Y,rock,2000s
1afvj3F24pPABgXenbjmdQ,rap,2000s
0xrdEQUNJlQEidMI3GZ3UC,latin,2010s
2xcbiKAv7KQZhQpAFJmucE,edm,2010s
1OhctVvuAU8kVCtzDWsCTj,rock,~2000
38peLHRTxGZAd5TpEO3gB9,rock,2000s
6owWrsY92TkKE3CvW2LsM9,latin,2010s
2h47SG8bNphmicAll4H9RV,rock,~2000
3OQu3z3okKVmWxSXTTHak5,r&b,2000s
6qONQJm59lYOH2Ioa5bb9X,pop,2010s
3HVWdVOQ0ZA45FuZGSfvns,latin,2010s
1hoLUVBx0ixX3kn0EX0P5n,rap,2020s
7FVFloQe45NEVyt7VmntKz,r&b,2010s
5DkwgbwtvFzj7ITGkaSGxS,rock,2010s
6uCsQ6JlUCEKTRhC2kQjPK,edm,2010s
1cIbogH3UKRqDO2tasfPTg,r&b,2010s
1YDFdfd0ozvJKa2KG94vHg,edm,2010s
6U6UoE9LfZjeM6esvEdgCP,latin,2010s
6qAM8wwwLHsaDdgrmMce4c,edm,2020s
4f49sFQko7jHLEFd3tCf5p,latin,2000s
6nl32vTZsMv23myzbRSAea,pop,2020s
05WdvsIv2e0Zf2cZHhESrS,rap,~2000
0weAUscowxeqDtpCgtbpgp,r&b,~2000
5SZ6zX4rOrEQferfFC2MfP,rock,~2000
1Wp5qiJokEHhy7YkIrBXgY,latin,2000s
2oENJa1T33GJ0w8dC167G4,pop,2000s
1SVm64B4Ry7dqFSxHY8e65,pop,~2000
2MPxWQdCMjdZheBI4ytaW6,edm,2010s
1b4QQFr0kifiSkzHb5kni4,latin,2000s
2R4gp8sppwatyDq48Xsu9q,r&b,~2000
0dEPlb8waIqRtKpLb3l6So,latin,2000s
3528IXKpbb7OMjdjWYlbfD,latin,2010s
1jbRXE0cGEDFBEnrdrAwug,r&b,2010s
1M2nd8jNUkkwrc1dgBPTJz,rock,~2000
6vHJpgX1QTYa9SVXankGVR,r&b,~2000
0ntQJM78wzOLVeCUAW7Y45,rock,2000s
7yaMJeDKiDCGC35LrP6EYU,pop,2010s
6b2oQwSGFkzsMtQruIWm2p,rock,~2000
0rRHFywFG6H7NAl2wMMCZg,rap,2000s
7cFpB4ozcSwXuhqjvNbrbP,rap,2000s
1EKfW3pjgfLpnsYMZR9xVe,r&b,2010s
0mUyMawtxj1CJ76kn9gIZK,pop,2000s
6sxPpL5WehUjoxQ0o5hf6w,edm,2020s
1Qbca84SoalSDtwF73xbxG,rap,2000s
6QZtmgaUkxWk3Rlq3Upll6,pop,2010s
6bS5OiM8fa9UQ2WxPT2QIl,r&b,2010s
2hdNya0b6Cc2YJ8IyaQIWp,rock,~2000
5YJ4BVvTFmVCxUyhKejHfR,latin,2000s
7pamxApUs3CE8t7tKmUJ6Z,r&b,2010s
10eTLaBl3MPqKzgm90ZfrU,edm,2010s
20vHuJe3q46MNt4Zj5UNQ5,rap,2010s
6Thw69oeS0M2N553QGRv8g,edm,2010s
6ORqU0bHbVCRjXm9AjyHyZ,latin,~2000
3C8xkK4Cir2QmiaN07GIZs,rap,~2000
2mj1Z5bqu0UfW4o4a7UxpW,r&b,~2000
4WGv2uh5zowr2IHKVwLcQ2,rap,2010s
1qUhvc5I1ShxYy4QMZ7vK2,r&b,2010s
58s4iqgXFzXhBndBkg2AaD,r&b,~2000
6FsQrRpBLgsrFeAeiQqytm,rock,~2000
7Je4aDuchYqv2YWMudH5ZM,r&b,~2000
11BhB0Xhbnb9fM7xBGo1Eh,r&b,2010s
3c8xULQwLwLKMEAp9T8l2o,rap,2010s
4YPhn26bIFm2KUkL1VLzQG,rock,~2000
5tYv99LXO4gEXU8BfWT5yn,r&b,~2000
330XSiXMe9wHbE8Fy4gPth,latin,~2000
64M7vSptOdMCuHwYzKuplj,r&b,~2000
3UQAKY0SUEonxneROvv4jy,rap,~2000
4MhTFsyqIJnjsOweVcU8ug,rock,~2000
158DIbrVt4YbqNnWyRCS3P,rap,~2000
2ksOAxtIxY8yElEWw8RhgK,r&b,2010s
40riOy7x9W7GXjyGp4pjAv,rock,~2000
63nVsCAdxu9OdeRhe58wiE,rock,~2000
2RaVpm8NbOkejowL9KlSO8,rock,2000s
6yYnde58z3wfPjJnljXwe0,rap,~2000
0ak9xScGzG7JaA1BUlLb7S,pop,2010s
4oUsaxFNEZUidANbrhbWaM,latin,2010s
6nbWsD9NuzBYxn52iRLRBL,rock,~2000
3hufTfiut1kwcJthiMB7Wo,edm,2010s
1Je1IMUlBXcx1Fz0WE7oPT,pop,~2000
6NWq3JOKCQ21Av7y2q5RFb,edm,2010s
4aPB8rSxGFISs0o6V2LrTy,r&b,2010s
2xrW6sZRmahuSAQMxO4BmJ,rock,2010s
5MISpOLjlHo6BO6sZD54hp,edm,2010s
6KPMVAR0DaZ0kXzgZk4xKP,latin,2020s
4gvea7UlDkAvsJBPZAd4oB,rock,~2000
0HsVEzGLqUHpj6EEhxOcp5,latin,2000s
4xaHjQrA5nAeqmy15AgLPT,rap,~2000
5wlscxWc7OyrsE22xToo1N,edm,2010s
1lATXTBJDHwawvT1UfxWu3,rock,2000s
4IJuJUFUJfuUuVMJEvvGhS,r&b,~2000
1i7MnatuVb8zlDInTe30JP,r&b,2010s
1i5oEx2vFczQ2sCY3c6Kn5,rock,~2000
4H7WNRErSbONkM06blBoGc,pop,2010s
2kLf4myxQME1Nd0voeKZri,pop,2010s
1xIxMz1sNQ4b6svH1GuTtF,rap,~2000
59bem62WIxhdH76jIWEm6S,latin,2010s
37bE9UJW1aizOQVxooJPoH,rock,2020s
6SsP9PE7JT83QZA8kEYHVV,pop,2000s
1b7T8NkRNgkUwrNcGSQI38,rap,2010s
03SrVtN1UcstvinRAjrfff,r&b,~2000
1comODdI862K7ei34XZRa4,r&b,2010s
3aFoTYsFE6N4g7M7b362cp,rock,~2000
79lmvU7Qmc8QpXilbSk37z,rap,2000s
2KFg8kjYy0rYjWsXGhEQHN,rap,~2000
1cwkOoHqYe9uBPu1q40QUT,pop,2010s
4fwo6czG5nvOQMzhOto1ya,edm,2010s
01M4Wng6jF5uoNEHLl2OIn,r&b,2000s
2ueKL2MWoyfg1FnBpHOfbH,edm,2000s
559cZxWbBgXPonNmdxQJne,rap,~2000
2JQRlt3HpTCpRvcfDsbwic,pop,2000s
19HjHUjCfDrEYhVSIKG6nK,rock,~2000
1PtL0YQRtq3qxDGUSwZPJ5,latin,2010s
6EElYDYyvvohMNDbYnrvn4,rap,2010s
7kigmgx2tJJsZHKaa2QC0w,rock,2000s
4FHThyT81RGEPRW5ZTL00K,r&b,~2000
6K6aIhfjYMTfgquU7xUhZc,r&b,2000s
4sLtguRBis05qfsBgJ1IdN,pop,2010s
1bHwmGAPsDShzHi4b23TBY,r&b,2000s
7LP4Es66zdY7CyjepqmvAg,latin,2000s
2EDHz4tC3pZDkxAJln2sB3,pop,2010s
3PnczrUPUE8F2gDYw4Eyt5,rock,~2000
5PdPaLUmJcGB8SiHMtlKPM,r&b,2000s
53hVPJEU8QOtEkHekMVFNU,rap,2010s
0JiEGVMAF8wzdnmXVNxELS,rock,~2000
7E3gF8d9EEXRqLzsNKFK3A,r&b,2010s
3MThD7whZTtnIzx1Vq1GZi,r&b,2020s
39YovPslPCXbFYhlYjsZ2Y,r&b,2000s
7nDIflSHQXzaa8zupxwv3U,latin,2000s
5Uf6OfGfz436zAegn1kui6,rock,~2000
3P6fS71hWhZvOnnxQojJ0Z,latin,~2000
6i4hX1H06CZsc5GPSjnVRB,rock,2000s
1bg8OvZcoYvvQl2WwDCQXI,rap,2010s
0E0ZAWynZx0CutIg4rb8q3,rock,2010s
1DtIUgVGJNGJrw4B8ApkPM,rap,2010s
4ItljeeAXtHsnsnnQojaO2,rock,~2000
4xeCIrsyuB845UFCQsOxAV,r&b,2000s
6VFL44gNHrLFZ2d9YwmrVO,latin,2020s
5AtVmp8JU2aar7PUKx6pdh,r&b,2010s
2tMkYJbCdaL8p9NDTU3ISu,r&b,~2000
16q3ZjCy9TFLKReke8ul1I,pop,2020s
08qjPXZBdEyif5PxU2AY9S,pop,2010s
3ttzGcgmxvD8iGyb3NEZVr,rock,~2000
7b1B5NNjkoIpNbGSw1ffP8,rock,~2000
3cc0xXhN0KMcBQaUzGEEOv,edm,2010s
0YkJU6TjjwzsVXUPRIO0DB,rap,2000s
4lEuGfkju3qDWHgn8inAZ9,rock,2000s
7dLOOzJGQnsgqFcflWiEcZ,latin,2010s
00nvL9u5K8jEJ6TSxGdtPK,latin,2010s
3K4HG9evC7dg3N0R9cYqk4,rock,2000s
3n3b5WNEohHP7Ou4ndBo6b,rap,2010s
2iclfHORMqpR3TxuhwVRhD,r&b,2000s
7oKLdbEvgGUgqgMyhiptrS,rock,2010s
6ya6FdIQAAwH0b2GkKNFs4,latin,2000s
2ZICF8SFI5tHttaLJKMY1X,rock,2000s
0r7ytFBs7IucCT8CxES7Os,pop,2010s
3aIhJDHxr1kgTSnutJxPTH,pop,2010s
6ReA6ibkmZ2cV8nMAnZZ8b,rap,2000s
0aEb1gDzaQMb53iXXoM7Lj,rock,2000s
1mKXFLRA179hdOWQBwUk9e,edm,2010s
6EsBn1Md8C5YdbCzvwvZq8,rock,2000s
6Lx2NpY8Y0hdeM7bpjrXsH,edm,2010s
5G8c5a3ndzhKoEGvYQVa91,rap,~2000
0DqMWvzd9AU6z5LBEYSs4r,rock,2000s
18v45bO9woyaa2EbNT0BZI,latin,2000s
34zDUyiDm5X7ncq2EGnpSZ,latin,2010s
58Jkqs5MtV3GXwnq6yq5v4,rap,~2000
2nNKXDFRz6cog1kolC3efq,r&b,~2000
3msKIQc0Yjuz3Zn39g3KLX,r&b,2010s
3QmUhaY5KZiOuaUH8H71LG,rock,~2000
7ATATJztoWLcqDAcVVof0C,latin,2010s
5QgFvAiE7oGCBLt20wYYb4,rock,~2000
0YImOCkIJ2PWhCXaURCZnY,rap,2000s
6MILn8ouz7GyrutoOLzWIF,r&b,2000s
4USWxDtF8lnLTTaQDs2mQa,r&b,~2000
1FY81Z8My4fvyfwVlLcZ9a,edm,2020s
1pKYYY0dkg23sQQXi0Q5zN,pop,~2000
1YXZUxazSjL6ylJR5Fft7h,edm,2010s
36J64RkkFvdrJNKfiwY0iB,pop,2010s
2QVWfRV6tHKgK0RoWaIrcK,edm,2010s
6e1rpOJQIXivYKXOBLoAn2,pop,2010s
31010AUbrLuIM46ucf88QA,rock,~2000
7lTIrk4YNIy6fzb19xreIe,edm,2010s
1qRA5BS78u3gME0loMl9AA,rock,~2000
00PLtXXER1XcTRZvs3LioS,r&b,~2000
57MflfPN3ObQQAQtPUp0WF,rock,~2000
3ykSdTGmYPFl8pDBXer1zG,rock,~2000
2bzwRD4vAbK2xE5Joddb4f,latin,2010s
1Koxb4StDE2K7XsuDunx76,latin,2000s
07fqonJcksfEG2Fav9SDA2,r&b,~2000
1yV7pm9O3dsM4WvSJnnMcQ,edm,2000s
6JkES1jmcqmUOWCJTFXu0D,r&b,2000s
0ZGLuduCPjgWY1n85ykgMe,rock,~2000
42iJJMoL4z1GASlLmC3eYJ,edm,2000s
0Ll60pqkEBHqzdeclRHdnl,rock,~2000
7DB3CEV6Qv7ElYjBpsI7mg,edm,2010s
0DbRkFE2KAyNXnKzD9inpV,rock,~2000
1GbEE9qAmGaZ1uO78xPiMC,latin,2010s
3Gm0yg6GQN1tFnhUGYKQQT,rock,2010s
4wvKPOCiOlZh6xwwympC8c,rap,~2000
64UioB4Nmwgn2f4cbIpAkl,rock,~2000
4QQh68kaayJYrYyovGrkHy,r&b,2010s
5he7AYCR3MGloRnuWEMroT,rock,2000s
6iV7QmMUPadq6osYqSM2wF,rap,2000s
5nkAJwICnwnzsriZCcastc,r&b,2000s
0A5gdlrpAuQqZ2iFgnqBFW,pop,2010s
2y6EbYibgxMVQ0T5YjZYWN,rap,2010s
1gpHMfSpviLSP9CNAeb5xt,pop,~2000
4SZ3B3y1TbwTK4OIXMOVEy,rap,2000s
0QjploZFoXNkEeARysbQmk,rock,2010s
2vAbKDdqA6cEBHU9zQiA8g,r&b,2000s
332HLjESTywYrDN5is9mdT,rap,2020s
2sXp9Qmvc7mRaDBjBgcGGi,rock,~2000
5HNCy40Ni5BZJFw1TKzRsC,rock,~2000
1EYzr2S8PJmqUsRMkX3cSP,rock,~2000
2S7GH9bhVzZY6ToOc4T7Q8,r&b,2020s
2SyOC3U8VQiFq51jiBRxGz,latin,~2000
71EHOyEOhNx1SzTebRRyng,r&b,~2000
4twhYPDyCP6ICeW3TtQVxP,r&b,~2000
0ivarc4umuzp5I3J7lPDJc,rock,~2000
7sKMSfuvMyVNVwc3YhWifk,pop,2000s
3OIoy3TNU7CL5PTaHOGmbR,latin,2000s
5clFSlfkCRlhnH1cAQjSBi,latin,2000s
560bmVbJ73hE75bunZ8SNa,edm,2010s
3PP7TRychfSQiAZgtq1Xjv,latin,~2000
73jxc8OqPUqXEzsRnCgw8M,rock,~2000
5IMtdHjJ1OtkxbGe4zfUxQ,pop,~2000
4igIYHF3B5VBxEafHauVo3,rock,~2000
5jafMI8FLibnjkYTZ33m0c,rock,~2000
4TnUKixNWMfajncgdSwFoi,latin,~2000
0KHHrBbdvuJ6knLxj7dqkw,r&b,~2000
4obG9Fz6AECFXQb12MeMRz,edm,2000s
3PqG25cnEC8xQdsO0SkzQF,pop,2000s
47FyQCd3TYLrZ9TU6MPaWK,rock,~2000
0I7EJmk6S47mpVh73dB02r,rap,2000s
5GSPbwdtRrHJII2T8AOckK,r&b,2010s
4i6wwcBc3Qrqir83xBdbM6,rock,~2000
3Os5bJt8sa607te5xqyNYP,r&b,2000s
5Y8tRPmMejeSw2B807Rl0j,latin,2020s
1VvsWao3Tx3QjkWgr6sTaO,rap,~2000
5Q41NLTmGbVPozwHKK7bk2,rock,~2000
1y6e9wIOb6FBwH13erkDwO,rap,~2000
07ANB9prOyNTWnMbDGNzdW,rock,2000s
2yOm4lN7aTygtXanJFNFWU,r&b,~2000
6ltPEsP4edATzvinHOzvk2,rap,~2000
2Vx8E3K5icPZR7OCklWBXX,rap,2010s
1AEYT6VxrxXPMoQUxsY0E4,rock,2000s
0iFlO6zAJQf5tAwScQXWOx,rock,~2000
2iObjOsy2vpsariW4Y7hQg,rap,2020s
1wdqv5VdrES0w8Xl4bNFrS,edm,2000s
4ghmwqS5ipMJjmiJwKsugt,r&b,2010s
2dXotVqm26NHYLp5oORx50,r&b,~2000
3TXIXYKb8c6Lj6v7TcU0gB,r&b,2000s
3yp9bZjCLb8E8Lqi01Sxz4,rap,2010s
3d7W9cysz9P6RpmuNkDnnb,pop,2020s
53rkN7z3bKorDSIxDvqXNt,latin,2010s
77sDjYMDyBAOpjpRXljrbI,r&b,~2000
2RmEAopmu9Of7kQNfPrdHc,rap,2010s
3jK7Phs5IsCWndQVGD4NZz,rock,2010s
6r8cZQUc0zieslYpGuMmLj,rock,~2000
326jVYfqtef7U87YaqOFfC,r&b,~2000
6LwAhn0BtAVreza2frwwiq,rock,2000s
3vR6ivBSe0SWntHyEzh4X1,rap,2000s
1b9yFGTYblk3jNF2g7fyBh,rap,2020s
0SvH3iaSrSb8zZnMCEis6C,rock,~2000
3aRqwon3FOf1nybe1bOLX2,pop,2010s
4VgYtXCVJ7IbWAZ5ryfvEQ,latin,2020s
4nVBt6MZDDP6tRVdQTgxJg,pop,2010s
2IJzqbcbQZjcca53yGkX7t,rock,2000s
7aON8z3MgEECzYwTSqakXZ,r&b,2000s
4C8bbFSl37YUCoVeyr3Fl3,r&b,2000s
089tprIgsyFSOrZpugamLI,rap,2010s
2Vptb1uGay69Ql4B5NnGok,r&b,~2000
0bJncTmVkKIzgKK5jNopV8,rock,~2000
1KWrQXjHUvVUwjTypwDD2S,edm,2010s
3bZCS8ThTAxMJZavYWOY1z,pop,2000s
3NYCaxkggl0Hh8vQptSUvV,rock,~2000
0vXBObhGFYhTSIMpuoXm3p,rap,2010s
4HPTladgOGcGzleMR3I0FK,rap,2010s
4DS7HoqrKq1dDjeYOKBlu9,rap,2010s
0FE9t6xYkqWXU2ahLh6D8X,r&b,2010s
2soeSOXg6lO7NA1crYT78x,pop,2000s
6Z435tBPT5JamUR9dN7y8y,rock,~2000
4yUhACElYLP2cbCyuDuaEk,edm,2020s
3Zk7RiAdIeNoRS4aSDuBA0,rap,2020s
6Vc5wAMmXdKIAM7WUoEb7N,pop,2010s
4hFV8xf1MD6Tmg2g0XltTY,rap,2000s
6hTcuIQa0sxrrByu9wTD7s,rock,~2000
2ex8jWyy3ewSdlytVPdjhk,edm,2010s
6pWzCKTrKrwbUPzY8RLCoP,r&b,2000s
3rMyZL6J4t2EeZKMTD1UaI,latin,2000s
7eb1BnyCPyL9fkYv88fYuD,rap,2010s
66LhCsc06aTa2Ig7iYPDSP,rock,~2000
1jCsCYgzQQHk3bDJDuFbNi,r&b,~2000
1TYt5etb427hvOod3EKJA5,r&b,~2000
2udGjDmpK1dH9VGyw7nrei,rock,~2000
12qZHAeOyTf93YAWvGDTat,pop,~2000
7C86DVl6REN8VPeGEMOf9q,latin,2000s
0TpWjIOuNMnpuRjriPbGiF,rock,~2000
4XOq7frultDFgx4l3wuRPc,r&b,~2000
5fJsLklkTSZlEbA5yJKzab,pop,2010s
4bgUQ9g4Wu2RFyRGV4lCwT,rap,2020s
2Y2ud3awMZHDxOCpDebiv3,pop,2000s
7z85Sqa3JrNebHK8sDtcRG,rock,~2000
7laJa21zPPXnvdP9jXuxQz,r&b,2000s
5YTMRAT4yKgFrepF8Hi3mY,pop,~2000
6XwKCiuBgLezlq2rlXpqvS,rap,2000s
4xiyq1iRdsxuU1BPUJ490Z,rock,~2000
3i0apBJdGSY2F24yHUSdkP,rap,~2000
1eRqy8jW4ZLMJR6dl3xsgI,pop,~2000
4voEoczU7Ijborps9XF1n3,rap,~2000
7b4yGtR0rujvLi5EBfKKJ2,rock,~2000
4Sj8JZ9zZfl8HaOav5yTVq,rap,2010s
1uTbFcWsB8Vptdf7U9qCHT,rock,2010s
18bWoys4FQwEp9ojZpbH4j,r&b,~2000
3yfqSUWxFvZELEM4PmlwIR,rap,2000s
3U4isOIWM3VvDubwSI3y7a,r&b,2010s
74rvKEvmGoEQnJnu34vil2,latin,2000s
2zgy1SnyfzoyyG7De9zT19,edm,2010s
0LLeuNBWPOg3XA73yab3PT,rap,2010s
4UQLQJu3DNvVkMVglwElU2,rock,~2000
5JrXxEZniILplCdUaRSeTE,edm,2010s
10L4K7607BSC5aq8lc2leC,r&b,~2000
7L87B1YWTT11I0mSAEYEOF,r&b,2010s
3s9f1LQ6607eDj9UYCzmgk,r&b,2010s
3xMZoua2UaGidXpQ7sSQu7,r&b,~2000
5iDXwq88XnteAFT6Z8duPm,edm,2010s
3WRQUvzRvBDr4AxMWhXc5E,pop,2010s
1MQl98yahePjBn58DJQiOo,latin,2020s
32Vm9SAaTKw2AHy2W1REP0,r&b,~2000
5dd8tOJwLqEvasVqvvrJzV,r&b,~2000
1CAw3ethNuSDPf3E7luSFF,r&b,~2000
29UavGPcPDfUp1w4P1BXYV,rap,2010s
7lzZDO0lbY58NTtszwuu35,edm,2020s
3VD4KW6iJHDVDEBwGTh2f4,r&b,2020s
1CAALs08dWg3BxFMaaS8qK,r&b,2010s
2XCTU3DJ9W6glWSkM2uQTS,r&b,~2000
27NMijOsYBVeU4RTQoCfE4,edm,2010s
1orVKbp6vqtfAPOmvRofVq,rock,~2000
2fzKLDa3YlAJ1Qkkxm5ZqH,r&b,~2000
2x0sSVweABWBCS1nLYSyyd,rap,2010s
5BXj1QDRU77J1ngVavG1tI,rock,2000s
1hOGLXBL8HYD6ht08f15C5,edm,2010s
27W2xRl5A5vUTuj0kX6YmW,pop,2010s
2tOZtdbkAMQASWokLvSlzj,rap,2000s
1guNRpfQBBkporG5NujlSs,r&b,~2000
5EauMVTXVoQOkax03XXVaV,rock,~2000
3YPhgbRDotBitv4FQBnoum,latin,2010s
3xG8Xcrke8F1gfYjzQE1Le,pop,2010s
1grjXpi93m70kLPHNqwbXl,r&b,2010s
4Mg3aeA9ZrEZrhL4ANs23u,rap,2000s
217bRMES4HVbPdUe8l8ECN,latin,2000s
7A1odihHBrI8n9k0Fefh2j,rock,~2000
3DjInVTE03icrWsq2UZV9n,latin,2020s
1lJZSsMoWEbrgaY6CxPMf8,rock,~2000
7KCTbCIcb2acPttGcCkKbe,rock,~2000
14BmGOdWFMkxiyQ7f4s03L,edm,2020s
3OmhcOxTqR2sQCRwfR1ojb,rap,~2000
5XsMz0YfEaHZE0MTb1aujs,rock,~2000
4FwiCTQiiopyzLJ14cGCsW,rock,2000s
7xnAoCgRBcDCFl8Tg2G270,latin,2000s
1foA2rJVr7vaBfFIDVeexw,rap,2000s
3O4TPMOgChXOerSdB5WENH,rock,~2000
3jKJnHixssQxdCShjpirKQ,r&b,2010s
1mG0wSudoIljGvU5KqVLj8,edm,2010s
70mg60zcy50n3NWrjWlyRY,rock,~2000
0oHH9pt7O822uyspUQW0NW,rock,~2000
0v0QP9W6P1WSVQjH4mTGgo,edm,2010s
4a945GVIx9LLKNLrcXhWV0,r&b,~2000
01R0Xdwje645C6xFCnMRvm,rock,~2000
1uwTmwkjv7wFImfzegvdI6,rock,2000s
6yDFQ5pSSYm898mHT9J96d,r&b,2010s
1yLyf9SqDF7qGxHb9OQGST,r&b,2000s
0oo5zVjH4CyTsm5FctRlnL,pop,2000s
3bOvAqhaZNSWpGVIvHEx8B,rap,~2000
1RJeiAIwR9pZBgJA8ndZLL,rock,~2000
5Bkib0XUhVqvADQoJaRoWN,rock,2000s
2LQMEzryklBEgQQE3X6Puz,latin,2000s
4v0DontD9QPBxyqfvEZyhT,latin,2010s
0g42s0K0OuiUzzRM1qyVRt,r&b,2000s
1j06ieEC2BOCM0fTmYhn2l,rock,~2000
7dIa8yS7HIPKkBvOmERSZ7,pop,2010s
0RZXNlGPvfMo54fd6uCvAT,rap,2000s
1yAPglN5AGf7UoLK062ZYq,edm,2010s
6YmPSmsQqU5PWS5M8b21K1,rap,2000s
1D1nixOVWOxvNfWi0UD7VX,pop,2000s
3GG0m7tJl9jdxSFAg7oTJ4,latin,2010s
7njKgVl3AnLflRad38o7AG,pop,2010s
4dPKQxaraW6CG1rTBzV6DW,rock,~2000
4XsH9zBWPOCdXoH9ZDdS8r,r&b,~2000
0PO1YxbnvzYayge7GgQFQ2,rap,2020s
0FlnsBDwPglenLJoQjPd4K,pop,2010s
5jYgpNn3Ba92UrFPDtZ2bB,latin,2010s
7k3sn5TIQ3qRVJ8FPTG9kx,rap,~2000
0d28khcov6AiegSCpG5TuT,rock,2000s
7GhIk7Il098yCjg4BQjzvb,pop,~2000
1JC4niMbshPlor1BPagn2L,rock,2000s
61ZM92T2zaXIVsqncThQzC,edm,2020s
19XYXNGFgeb6Y6bYvMg3eD,rock,2010s
5nUJym1qItTzwWx2zfSxUb,pop,2010s
1RLwpJUmnVkJ5VbhhFTh1j,rock,2000s
3YqoVQblEPKohgRhvjrj3t,r&b,2010s
63kMZoG9xuU96GQdioTCI4,rock,~2000
0Bs0hUYxz7REyIHH7tRhL2,rock,~2000
6CvZqshp5fKnFYZRjMkKfm,latin,2010s
2WpCr1ls4bjL54NAcN5DAA,pop,2000s
5rbHxYjIAs4flh30UL66dO,pop,2020s
0FNtBIL5lHcn7pLV7P6TGv,edm,2010s
4JWQC6gyYoPRnxRxk0ta2M,r&b,2010s
1D1LnW0mJ46GStJcYzgA6V,rock,2000s
2rBzfaCpJzGjZ0sXVwoiAI,pop,2000s
4JiEyzf0Md7KEFFGWDDdCr,rock,~2000
7rSG1epHwcN45WaysXjH4i,rap,2010s
65iyI1iybyv5ecsfBHSdUf,rap,2000s
0csUoMvvImqcIPpobc21QU,r&b,~2000
0UHiH4dy1hXULYl8CgNxRV,rock,~2000
0jwDEhz1rzyyYYyWfF8Pgr,r&b,~2000
3TWfEEzcdrkR0CSvWqyUlX,pop,2010s
3Zrih6niOYdmge9hIVGBg6,r&b,2000s
6iO2JKc25YwO27CoQIya3O,latin,2010s
2XLdbJRfl2UHHzIurEFgAA,rap,2010s
2yEcS5L2x98hPVjRn5TVnN,rock,2000s
2TVxnKdb3tqe1nhQWwwZCO,rock,~2000
6A7ECkB5buzJwGBnp1Lmpm,r&b,~2000
1zqzDv6vyh8JUHiG4yaElS,rock,~2000
2YsRHLJ87gpTeseu6EfVLx,rock,2010s
2N2yrmodOnVF10mKvItC9P,rock,~2000
5MTqczrMNkxZbFghiopgHL,r&b,2000s
6eTZyUjg4ZoGElNcAINIwJ,pop,2000s
2meEiZKWkiN28gITzFwQo5,edm,2010s
4ZYM6R5nOZywxACY90Bsla,rap,~2000
7aYOtQBTlk1ahqTp8o8QYj,edm,2010s
5rIr1MOh4cWwpdln1QqTPS,r&b,2000s
1Gx4ufVcxcGxMTBVGYoRpy,edm,2020s
6oiODlk4XCb7SjhcY3ilv7,rock,2000s
4kyrRm0GmJbg16CEGEHXUK,edm,2010s
4tYLk5axtAxynbehhU4uJn,pop,2010s
0n7rnVXa1j6x4g9udd4T1S,latin,2000s
6GPiKalxD23rJirHKJm00X,r&b,2000s
6iRrlcfTyXneYrMmq4ARkl,rap,2020s
0JEetF7i4P30FFokKslZOB,pop,2010s
1XsIY6Pnj0xRZ84dHCXZfP,rap,2000s
5qCGWnqTwE8SDbhmFBQWSs,latin,2000s
0PrLodAzseOnN1EACxuAfV,rap,2000s
6Omn4mz6wbBlz66hNdK3gz,edm,2010s
7LeQ55Z5jPBB0ggYJtAiYO,rap,2010s
0t414ewhjcIiuPVF3QECz2,r&b,~2000
2c8sgbZoEanC3QyFNZxUcA,rap,2010s
2WXXvinO2ehBBLgw4vDiRe,edm,2010s
3tjOjRAdtZl7hvNKIWxFwO,r&b,~2000
0HaAoQJ1PgF0gIm1o6JYIM,rap,2000s
741OE401HO7ZCaPhEqCZ7w,r&b,2000s
38J1ihEp0kRsuRboyoKXhN,pop,2000s
5rb9QrpfcKFHM1EUbSIurX,pop,2000s
1IlJpEiMt4nuLr3cWFQUxa,latin,2000s
7ltU7qHAjo7XFCTznK1OeR,rock,~2000
6d8X2I3C5p4ZUkVAnX6AHm,r&b,2000s
07uivRw9i8NFjQbxZQu6g7,pop,2020s
5UWwZ5lm5PKu6eKsHAGxOk,rock,~2000
6q8Lb50EtqNeeJXXe8mMAH,rap,2010s
6Gfq4pVJVnrsHVxkmFpo09,r&b,2000s
3zmduBNsQ6BPDTZAkXzG5K,rock,2000s
1kDoUhdifstUonl3rPqALE,pop,2010s
1Kgyx7NLtzsa3gWV1efGHu,latin,2000s
0prNGof3XqfTvNDxHonvdK,edm,2010s
5O6JuXxnhwG3W5YClY2mEb,rock,~2000
2TZ1apxMDlubCGMsOxcTbT,pop,2000s
61swngFBghaxXM0YT7CDU1,edm,2010s
0wJoRiX5K5BxlqZTolB2LD,rock,~2000
0vPkRB52RENZMpHybpFKYK,rock,2010s
5YLb4u68e67Alc1SBC4nGQ,rap,2010s
6ORqU0bHbVCRjXm9AjyHyZ,latin,~2000
7LzouaWGFCy4tkXDOOnEyM,latin,2010s
1fPDldWK8SRdIjGPXrDqZT,rock,~2000
6yWUeZGPO7wels6n1VKYhX,latin,2000s
2WfaOiMkCvy7F5fcp2zZ8L,rock,~2000
48qKqo6HgIG8VLN4CpYb37,pop,2000s
1ZvhmUmU6zeoo1oNKwBYgf,rap,~2000
2bL2gyO6kBdLkNSkxXNh6x,pop,2010s
0vSWgAlfpye0WCGeNmuNhy,rap,2010s
6eFVO2OQnuA59a09zVCHaR,rap,2010s
4tCLN0iZFhc06cQvqtkp0Z,rock,2000s
1i8TVeZA6ZiSyrdLKQ4DEd,rock,2000s
41X9To0bQ4fpoSRri4NHiI,r&b,2010s
6nnH5zeFZOH3HMpEOG5DLg,rock,~2000
1sQMwuozNCmF811OgjTWIA,r&b,2000s
3B6WDceNe6lUQnczntRIuf,rap,~2000
1EKfyIWznKN5EeK2i6IV3n,latin,~2000
4Ld00UQYL3aPcK4yOnv0JP,rock,2000s
0jBE7Fn78EAvmIs3dCd6GO,rock,2000s
1UX6IpGYtIOP7J40NeY5pp,pop,2000s
0Vqap6DWhvILPwGvbtlUi5,rap,~2000
07CyrZF9eVd02zzIse7tZA,rock,~2000
3a6YKw9xPXgqzwtOKnsPCQ,r&b,~2000
5099x34vBakWpGkHourFxP,latin,2010s
3mIanzjhThM2MCNfoI4hGF,r&b,2000s
14VwBAL1qSlG4ovOSYUQF4,r&b,~2000
5yY9lUy8nbvjM1Uyo1Uqoc,edm,2020s
2oSpQ7QtIKTNFfA08Cy0ku,rock,~2000
1VGlMYqPO1LHyclvfIMvWI,edm,2010s
2GJEMlKxt3GL2rJMOTET6Z,pop,2000s
1wKXq2v6jbWPM2hH2uj0bx,rap,2000s
2GV039LpIeFtgTKKIZPrf0,rock,2000s
46XvcuEZFFInDilbYUNHBn,rap,2000s
1Jt4VUK3aUpfVbvVV02PLt,latin,2010s
7sCS0drQA6rtVgOC8QIFxf,latin,2000s
7dpFJmdFiahlgzzEmgUwoN,rap,2000s
0vQo3zrpW3Ib8yumDhX3Lk,rap,2010s
5KSJ9k1FYjFLnIRlJT2wF8,rap,~2000
7nbHTIo9Pp8wzNbN3QpStj,rock,2010s
1KGi9sZVMeszgZOWivFpxs,r&b,~2000
7E6HBa5KEiHyj3FllY4tYv,latin,2020s
2A6yzRGMgSQCUapR2ptm6A,rock,~2000
6KIKRz9eSTXdNsGUnomdtW,rap,~2000
7f5trao56t7sB7f14QDTmp,r&b,2010s
3VwrrEtbqrlvJlv91u3vHE,rap,2010s
4w1lzcaoZ1IC2K5TwjalRP,pop,2000s
0msuMeH64Z0elgbo6kx5nA,r&b,2000s
6J6RWKCPN5RFKHUKEUFjxS,r&b,~2000
5wvxRlpUTSX9CE52yFZsIY,rap,~2000
4TJ56OkWrnf2fv2a6T69DL,rap,2000s
2aC4dekmnklfC6edwh3Wda,rock,2000s
4JGKZS7h4Qa16gOU3oNETV,rock,~2000
1IdnTCh4GlzkjoceN6LVpQ,edm,2020s
0r5Ju8WyodpXBHmg3f4zYf,rock,~2000
0XgpiStoxq1IJncYlPrvZ5,rap,~2000
3mlMpmY8oZIBFc39D9zLbh,rock,~2000
124SKRPqmogaZQ1XR7eomR,edm,2010s
3Yxmpx64AdWAzG3qAD4Dty,r&b,~2000
0W5M10Od3wY9GnS3MVa8x7,rap,2000s
4uRx3SdWG2cNVfRNVPwHDS,pop,2010s
2Hw5F4S5TFmrpBoWXc2Awx,pop,~2000
5mkGfmJGFZpwK9nA5amOhv,rock,~2000
2U2ByqoO82fnayaPzO4x2d,rock,2000s
04KTF78FFg8sOHC1BADqbY,r&b,2000s
79DmpsJcjNdrxEGM5yKKPx,pop,2020s
3anO2IahAOsmsz9p4Mb8aR,rock,2000s
5FEZZ9DOrmR7pMY3I2Oew7,r&b,2000s
5UjhWsB5rddZEPlNUcGDLV,rap,2010s
2hBJgz4Ye9MkkmBbaDTTKx,r&b,~2000
72ajJqN8o9pIp5qD40mQnx,rap,2020s
5C9SuiBZ0K8FYzypCT07JY,r&b,2000s
2pkiYFWrja3oTlTwDaTypd,rap,2010s
6BjqF9DTiAubeE34grUKVq,r&b,2000s
4RvWPyQ5RL0ao9LPZeSouE,rock,~2000
0Uhnzk5zI46IRlQ04LNOtc,rap,2000s
4ddsyeVgiigtQToGyn6hMJ,edm,2020s
4BE7L7XB1I7X8v4imHVhoG,pop,2020s
3AuvTRlw1TQulraCRTZnKc,edm,2010s
669cOBjpY4Y5O98Nmk6139,rock,2000s
1AhDOtG9vPSOmsWgNW0BEY,rock,~2000
5VVWgWH8HFLAtM8lbttvn9,rock,2000s
2p8c2mMKZ4Rdmw40Oe83fq,pop,2000s
0oKP5nVFcxxFO6wfj4JMvU,edm,2000s
1VheuMPggHpnznB4HY7IvA,latin,2010s
69JKBiYzIyqtuaBBCT1kcn,rap,2000s
0LL2iuwjFIObiUEiC5SedP,rap,2010s
63BcfK6YAzJYeISaTPr6IO,rap,2000s
4KgboiBmi0XOSVLMXhnG5A,rock,2000s
1Gx4ufVcxcGxMTBVGYoRpy,edm,2020s
0L3DcFGrGtixx5MmxJbJNI,rap,2010s
7jsTBebfjKpkMaS8Ny12Un,r&b,~2000
7piXNyrajEfqhOkzgDq2Ts,latin,2010s
4B0tKXJguUl5YqW5wDcjNe,rap,2010s
51T1wGHtx6hXW89UCzw1Rc,rock,~2000
1N5zNjjaie1MpYW4oTPqVZ,pop,2010s
4cEVaFPvvKC1RNUykXXndb,edm,2010s
7JgG9KxAl0uhCPOLSdQjlg,rap,2010s
5259N9n38PvQHxuQf0t5U5,r&b,2000s
1kPpge9JDLpcj15qgrPbYX,latin,2010s
3f0U5NaD1bCk8nmKpn2ZJY,rock,~2000
0vOkmmJEtjuFZDzrQSFzEE,rock,~2000
0XIvZ82aDF7JiSi3ZE320u,pop,~2000
1KYzwQbt73OvhLAta0KQ4j,rock,~2000
0fgZUSa7D7aVvv3GfO0A1n,rap,2010s
5BxVRqpZi6tIhAap1ZjzVD,pop,2010s
2vbu6iSwyXGalSzaqLBiYH,rock,~2000
0h5m65o5KnMFB4Gq47mbKt,rap,2000s
4wZzdnhpV0cjSlfh3fZvhp,r&b,~2000
6OVQs5XqHMGclfnUsMD4ah,pop,2020s
6JHXiRD1QjMK1N6AQEnL04,rock,~2000
0GuQcX8wTe8bUZ72ZncR7m,rock,2000s
2b8fOow8UzyDFAE27YhOZM,latin,2010s
0AGh7lxZOWUhLL0FqrXHjX,edm,2010s
0R8P9KfGJCDULmlEoBagcO,rock,2000s
2pY99npaZKTVAyw2DhV9Bo,r&b,~2000
7AERV8NHv04U0xGM5Wac62,latin,~2000
0iF7lmuEm71kVoqELFUqtJ,rock,~2000
40LQiUUUKXVGyNs09lHVjW,rock,2000s
6MdqqkQ8sSC0WB4i8PyRuQ,r&b,~2000
6gQaf0ANLks2uWl2AHhU26,rap,2000s
5lzXML8WVfoQeUvEVakaHx,rock,2010s
4gMgiXfqyzZLMhsksGmbQV,rock,~2000
4mOXPQEZLD85vyLCfOWV7Z,latin,2010s
7BW60EnubNl94HnwcuB0E0,r&b,2000s
5TyW3W9NrJA38Pk3sdWq7F,latin,2010s
6CELFLbg9kgByIRpZ33fY8,pop,2010s
2j7mcsEz4n5XxMMqqjjB6p,rap,2010s
2I8U4alHqlxAZN8Wpc9jf6,edm,2000s
3WxQXufIzssKD22MqKR6cW,pop,2010s
6dEs3CH2goHCTR6XCTctVd,r&b,~2000
2nLtzopw4rPReszdYBJU6h,rock,2000s
0zAJB1e7CSOcYyFuF1Ey8O,edm,2010s
5IFCyWplye09HytIP80RCF,r&b,~2000
5o3pP3SWueoHRCytmwaL52,pop,2010s
4QVOTT9CM2ftSLwnYGNDjd,rap,2000s
0Cw5iiA8OHWIhuIIA8u8N5,rock,2000s
6vye1WybNriUDdlZTbDidn,rap,2000s
3QGsuHI8jO1Rx4JWLUh9jd,pop,2010s
5GO45r4u84nc3QvdoVw4YP,edm,2010s
78Pny5O5RDkHJNPZf1QcFs,rock,2000s
7JTg1KbHm4FXeKL8vSmTqP,pop,2010s
2E5ufno5JwzZiA96JiHUGN,rock,2010s
2tapMRhqLCvIWSj0uc569y,r&b,2000s
0W9Xvd4Qx1aZPxEi94vgRY,rock,2000s
1bki22ZoLCkqb0QIJ5PtJF,rock,~2000
1JDZxqyqcJTN9iAXJ836iP,edm,2010s
45ipml9tB0PVrLFAJegcWE,rock,~2000
36fRbuu9QkKVDR1j7jTI2U,pop,2010s
5AHjRKFCVUaRClF2Oxx8Ld,rock,~2000
1QJSX3qst1uFk0cyqUOYhV,latin,2010s
72nU2PZrtf8glvjOiSPjYS,rap,2010s
5mNV8Mz59bzyuQ53gTw0c0,r&b,2000s
7lPjS6Yd4lRk4BsboDsm1H,rock,~2000
5VRDemuG54tH0QTaHA5di2,latin,2010s
5bHC9aYva39pR1mmFMFVxu,rap,2000s
7kxYYjOYRO8HamP4RKBhJ0,latin,2010s
1QGYLOMM613eUMDcPOlRuG,edm,2010s
249tZu7AvA3NtVUn6QroPQ,rap,2010s
2enPRFda84VE2wtI8c86Uf,rock,2010s
4C9vR1eo9GlJ1ZX7lvhi0I,rock,2000s
74Zp9QiDrFZpBV949AMbUs,pop,~2000
3LVRM23d9ltvRoquuZy1Yb,rock,2000s
4mVLzFbc3gaCoWCEENLouc,rock,~2000
2o0QvvMoiq2zIQ1wWhqio9,r&b,2000s
1hES47PrbU8GPTI5A9lsr0,r&b,~2000
4XiGKQqbmnMVxDzUj6j3f2,r&b,2010s
4JyMoznkRseonxgmyrbkuN,r&b,2000s
6sIMSl1n3KDPr03Fw8mujd,r&b,~2000
6O1Bitx3ED63QfidpF5yHm,rap,2010s
0xiuSFBOEHWaJ6rSuUbJWc,r&b,2000s
0FeCO85RKW8fDRytwXof2x,rock,~2000
0yTlrnue3pJTJd7h7d43mk,rock,2020s
4PUgCtazseRV9gXm8topvU,r&b,~2000
0PQsrLxPbOBBwwmXCnGvcF,latin,2020s
04MLEeAMuV9IlHEsD8vF6A,rap,2010s
7tr2za8SQg2CI8EDgrdtNl,pop,2010s
4Aa6cwl4QQMo61ej9Ucxeu,r&b,2000s
2RsRY5npULtSFKQOe4MQxu,rap,~2000
3XrYVxmqDEFU725or3B59w,rap,2000s
6S1oHrwjeF66VRUl1b76P6,rap,~2000
4pP59HlzHAwxIynUHCegzv,r&b,2010s
7saliZ9OxOgVZvac91pnHH,rock,2010s
6IpK5q6d1MEG11USG1JSFf,edm,2010s
26MiQlP8DL99PvR2dknfCr,pop,2020s
2pMAmZdHfQHyqJCXJbfhK3,rap,~2000
7fXb8yG4gCsioqzJNZOv69,rap,2000s
7112WRQXlBGe4Os43yw8gV,rap,~2000
6KBCPmeUIbUgXJr3GOcYU1,pop,2010s
4zLSkwZaiMfzzapPCbdG90,latin,2010s
2YC6ET3q1F29B0V7UcPV70,rock,2000s
6IGTR1a8JdYKWTSOl9rtUx,rock,2000s
52JAhb4HXp4PiDkSAIk215,pop,2010s
3B6cZYrdB9e6DGYV5st3J5,rap,2000s
4Nu8sEejt46770gDUvFcrF,pop,2010s
6M33ukGn1XGp1Lv5FhbcZy,rock,~2000
24NwBd5vZ2CK8VOQVnqdxr,rock,~2000
2EduiM2UNwjCC7PsLxnOCH,rap,2000s
1ePEbbeWx3scydfir7HBcq,latin,2000s
0IBgCsG8dRnUtveiIaoFHF,r&b,2000s
0F4KUDXmPhAP71ULvS5RAZ,edm,2010s
2PRt8U30Q5ZmCHGsUmnUi6,r&b,2020s
4CF0ypdrYDSEtAczdwrQwo,pop,2010s
7ydzsqzHWi8djS4baQoWbT,rock,~2000
2eIRE17ugmqHEjDbXWCalr,rap,2000s
44ETcHYUz11q8QbqcgSwL6,latin,2010s
7zrPswSV1yxrill5OyCuaU,r&b,~2000
0nSEZamLD7UwRiqUpyws6o,pop,2010s
7D5n2kpYH2WSqIyEO9MeXf,rock,~2000
2vgQwfsIeahfaFrwBUtm67,latin,~2000
2OqYarizUUGzSSNHPrDEii,rap,2000s
7by9QasewukzoIVcRoE4ss,r&b,~2000
4330XmgVWlx98Y3Naswycg,r&b,~2000
1Hfjy5mfIUsBLBBf4eqBnO,rock,~2000
0Mn3amMRMoabaoTf1Publ4,latin,2010s
2c3z8TYNaMnzeyppLfvrtf,rap,~2000
0uQvkNc6W696ngO80869ZK,r&b,2000s
6wCcODFVqZ17uGIJnLf1f6,edm,2010s
322NiD7O6CXX7zYIKRtXV9,r&b,2000s
5lA3pwMkBdd24StM90QrNR,latin,~2000
5gJcMDLHDllFMhSPByZhhE,r&b,2000s
0SsL24tWTdMshmTBhK95HV,r&b,2010s
5c2oCfWpqrtU3avaOuekLs,rap,2000s
525yPO8r5J6kLostDxm3XK,rap,2000s
1A35w9OSTTVXw3c6tj6AiV,rap,2000s
3q1dhgO6MmeA7LUoz86BPh,latin,2010s
3KyUEbeJ7N0BwkI55C2X7k,r&b,~2000
2V2s9scwJqfpBPnXNdCSdo,latin,2000s
7wicnY9jZDiR6GKXMU9lUX,edm,2010s
6JzzI3YxHCcjZ7MCQS2YS1,rock,~2000
4NeOWqHmlrGRuBvsLJC9rL,rap,2000s
43a41kwTMZClWCLTONiaqm,pop,2010s
2nriNWbiYgZdld4LmzRArS,edm,2020s
7irn6kVaWJuJDFAOzuBtp6,rap,2000s
5vAdo5AknCrJtRNVWhn3gT,edm,2010s
4OREn9rotePJ3DX7c91QPp,latin,2020s
7LihoPgTF9hnxMh9lRTNkA,edm,2010s
41L3O37CECZt3N7ziG2z7l,r&b,2020s
26RcjBcThMrZ8KvsqApOvN,r&b,2010s
2lll6vULr73q49c5osOjal,rock,2010s
4FzTuLQ0vck9PBtw4kqJ8F,pop,2010s
4fM3IUQ9kh3fYh2Ni1iPZU,rock,2010s
6NUga6kum23a1B0CP81huS,rap,~2000
5iemvGR1EraL9s3XvohIP3,rap,2010s
2yXyz4NLTZx9CLdXfLTp5E,rock,2000s
6fD9YOaHc5Wt4a5X5KYNXF,edm,2010s
2FRmJ7myndFq7J8VEp4g4w,edm,2010s
2dbLCOrqUtJz4mBS9pBtlj,edm,2010s
04wllvXvWOkZS5NugzeS8O,edm,2010s
27uSrIfgTwZHbQ4mXuqLyw,latin,2010s
5n1vrINZxJdumoHrj73FXU,pop,2020s
